month,day,hour,trip_count
1,1,0,602
1,1,1,505
1,1,2,431
1,1,3,34
1,1,4,0
1,1,5,3
1,1,6,324
1,1,7,763
1,1,8,1272
1,1,9,1586
1,1,10,1943
1,1,11,2165
1,1,12,2528
1,1,13,2823
1,1,14,2942
1,1,15,2763
1,1,16,2777
1,1,17,2904
1,1,18,2527
1,1,19,1859
1,1,20,1362
1,1,21,1168
1,1,22,871
1,1,23,595
1,2,0,379
1,2,1,77
1,2,2,1
1,2,3,1
1,2,4,0
1,2,5,1
1,2,6,2
1,2,7,226
1,2,8,1457
1,2,9,1939
1,2,10,2249
1,2,11,2669
1,2,12,2810
1,2,13,2868
1,2,14,3088
1,2,15,2665
1,2,16,2913
1,2,17,3170
1,2,18,2956
1,2,19,2178
1,2,20,1451
1,2,21,1136
1,2,22,492
1,2,23,14
1,3,0,1
1,3,1,2
1,3,2,0
1,3,3,0
1,3,4,16
1,3,5,1207
1,3,6,3729
1,3,7,6481
1,3,8,6925
1,3,9,4570
1,3,10,3562
1,3,11,3509
1,3,12,3391
1,3,13,3736
1,3,14,4299
1,3,15,5502
1,3,16,6989
1,3,17,8586
1,3,18,5901
1,3,19,3186
1,3,20,1777
1,3,21,1239
1,3,22,1321
1,3,23,1108
1,4,0,398
1,4,1,85
1,4,2,19
1,4,3,0
1,4,4,4
1,4,5,1200
1,4,6,4167
1,4,7,7497
1,4,8,8204
1,4,9,5275
1,4,10,3439
1,4,11,3083
1,4,12,3125
1,4,13,3501
1,4,14,4199
1,4,15,5550
1,4,16,7618
1,4,17,9437
1,4,18,7047
1,4,19,3620
1,4,20,1957
1,4,21,1396
1,4,22,1129
1,4,23,798
1,5,0,371
1,5,1,97
1,5,2,5
1,5,3,0
1,5,4,11
1,5,5,1491
1,5,6,4279
1,5,7,7784
1,5,8,8315
1,5,9,5232
1,5,10,3513
1,5,11,3303
1,5,12,3504
1,5,13,3703
1,5,14,4562
1,5,15,6008
1,5,16,7808
1,5,17,9524
1,5,18,6500
1,5,19,3931
1,5,20,2055
1,5,21,1550
1,5,22,1126
1,5,23,755
1,6,0,374
1,6,1,69
1,6,2,3
1,6,3,0
1,6,4,13
1,6,5,1345
1,6,6,4368
1,6,7,7306
1,6,8,8566
1,6,9,4626
1,6,10,3963
1,6,11,3305
1,6,12,3203
1,6,13,3684
1,6,14,4415
1,6,15,5743
1,6,16,7874
1,6,17,9693
1,6,18,6706
1,6,19,3608
1,6,20,2225
1,6,21,1366
1,6,22,1202
1,6,23,969
1,7,0,398
1,7,1,97
1,7,2,11
1,7,3,1
1,7,4,20
1,7,5,1333
1,7,6,3785
1,7,7,6687
1,7,8,7061
1,7,9,4447
1,7,10,3422
1,7,11,3238
1,7,12,3168
1,7,13,3392
1,7,14,4391
1,7,15,5394
1,7,16,7467
1,7,17,8384
1,7,18,6461
1,7,19,3493
1,7,20,2067
1,7,21,1605
1,7,22,1215
1,7,23,1094
1,8,0,495
1,8,1,124
1,8,2,13
1,8,3,0
1,8,4,0
1,8,5,7
1,8,6,638
1,8,7,1534
1,8,8,2279
1,8,9,2737
1,8,10,3052
1,8,11,3278
1,8,12,3578
1,8,13,3613
1,8,14,3836
1,8,15,4036
1,8,16,4061
1,8,17,4281
1,8,18,4047
1,8,19,2740
1,8,20,1774
1,8,21,1774
1,8,22,1892
1,8,23,993
1,9,0,422
1,9,1,99
1,9,2,1
1,9,3,0
1,9,4,0
1,9,5,0
1,9,6,6
1,9,7,226
1,9,8,1515
1,9,9,1846
1,9,10,2219
1,9,11,2644
1,9,12,2716
1,9,13,2801
1,9,14,3071
1,9,15,3092
1,9,16,3091
1,9,17,3211
1,9,18,3004
1,9,19,2080
1,9,20,1671
1,9,21,1643
1,9,22,529
1,9,23,1
1,10,0,0
1,10,1,0
1,10,2,0
1,10,3,2
1,10,4,6
1,10,5,1360
1,10,6,4117
1,10,7,7478
1,10,8,7741
1,10,9,4966
1,10,10,3452
1,10,11,3091
1,10,12,3119
1,10,13,3351
1,10,14,4094
1,10,15,5477
1,10,16,7376
1,10,17,7010
1,10,18,7120
1,10,19,4568
1,10,20,1819
1,10,21,1271
1,10,22,1106
1,10,23,636
1,11,0,324
1,11,1,80
1,11,2,3
1,11,3,1
1,11,4,18
1,11,5,1522
1,11,6,4368
1,11,7,7883
1,11,8,8388
1,11,9,5033
1,11,10,3487
1,11,11,3203
1,11,12,3048
1,11,13,3309
1,11,14,4139
1,11,15,5548
1,11,16,7979
1,11,17,9791
1,11,18,6952
1,11,19,3565
1,11,20,2037
1,11,21,1404
1,11,22,1190
1,11,23,719
1,12,0,379
1,12,1,86
1,12,2,5
1,12,3,1
1,12,4,12
1,12,5,1517
1,12,6,4423
1,12,7,7854
1,12,8,8357
1,12,9,5036
1,12,10,3504
1,12,11,3225
1,12,12,3272
1,12,13,3356
1,12,14,4314
1,12,15,5808
1,12,16,7738
1,12,17,9917
1,12,18,7106
1,12,19,3468
1,12,20,2058
1,12,21,1465
1,12,22,1212
1,12,23,786
1,13,0,373
1,13,1,83
1,13,2,1
1,13,3,0
1,13,4,10
1,13,5,1482
1,13,6,4428
1,13,7,7807
1,13,8,8455
1,13,9,5093
1,13,10,3938
1,13,11,3220
1,13,12,3417
1,13,13,3637
1,13,14,4377
1,13,15,5884
1,13,16,7832
1,13,17,9538
1,13,18,6698
1,13,19,3532
1,13,20,2183
1,13,21,1549
1,13,22,1255
1,13,23,823
1,14,0,471
1,14,1,82
1,14,2,4
1,14,3,1
1,14,4,7
1,14,5,1206
1,14,6,4190
1,14,7,7025
1,14,8,7294
1,14,9,4812
1,14,10,3521
1,14,11,3435
1,14,12,3640
1,14,13,3848
1,14,14,4626
1,14,15,5937
1,14,16,7705
1,14,17,9120
1,14,18,7056
1,14,19,4322
1,14,20,2451
1,14,21,1832
1,14,22,1579
1,14,23,1271
1,15,0,698
1,15,1,184
1,15,2,13
1,15,3,2
1,15,4,4
1,15,5,14
1,15,6,711
1,15,7,1514
1,15,8,2445
1,15,9,2776
1,15,10,3157
1,15,11,3467
1,15,12,3591
1,15,13,3849
1,15,14,3945
1,15,15,3964
1,15,16,4380
1,15,17,4404
1,15,18,4214
1,15,19,2839
1,15,20,1870
1,15,21,1565
1,15,22,2114
1,15,23,1767
1,16,0,567
1,16,1,135
1,16,2,1
1,16,3,0
1,16,4,0
1,16,5,0
1,16,6,11
1,16,7,282
1,16,8,1581
1,16,9,1805
1,16,10,2369
1,16,11,2543
1,16,12,3032
1,16,13,2814
1,16,14,2862
1,16,15,2917
1,16,16,2757
1,16,17,3170
1,16,18,3013
1,16,19,2420
1,16,20,1648
1,16,21,1331
1,16,22,541
1,16,23,34
1,17,0,1
1,17,1,0
1,17,2,0
1,17,3,0
1,17,4,2
1,17,5,23
1,17,6,1292
1,17,7,2955
1,17,8,3216
1,17,9,3034
1,17,10,2832
1,17,11,3068
1,17,12,3091
1,17,13,3255
1,17,14,3713
1,17,15,3936
1,17,16,4295
1,17,17,4785
1,17,18,3855
1,17,19,2470
1,17,20,1787
1,17,21,1411
1,17,22,955
1,17,23,580
1,18,0,326
1,18,1,72
1,18,2,6
1,18,3,0
1,18,4,13
1,18,5,1499
1,18,6,4534
1,18,7,8283
1,18,8,8902
1,18,9,5540
1,18,10,3555
1,18,11,3193
1,18,12,3157
1,18,13,3367
1,18,14,4246
1,18,15,5894
1,18,16,8070
1,18,17,9797
1,18,18,7440
1,18,19,3855
1,18,20,2111
1,18,21,1358
1,18,22,1590
1,18,23,1067
1,19,0,401
1,19,1,83
1,19,2,3
1,19,3,0
1,19,4,4
1,19,5,1510
1,19,6,4616
1,19,7,8309
1,19,8,8925
1,19,9,5388
1,19,10,3522
1,19,11,3285
1,19,12,3225
1,19,13,3627
1,19,14,4050
1,19,15,5520
1,19,16,8690
1,19,17,10034
1,19,18,7256
1,19,19,3769
1,19,20,2061
1,19,21,1470
1,19,22,1130
1,19,23,838
1,20,0,408
1,20,1,98
1,20,2,8
1,20,3,0
1,20,4,13
1,20,5,1467
1,20,6,4643
1,20,7,8322
1,20,8,8893
1,20,9,5167
1,20,10,4079
1,20,11,3135
1,20,12,3120
1,20,13,3521
1,20,14,4334
1,20,15,5966
1,20,16,8286
1,20,17,10293
1,20,18,8194
1,20,19,3909
1,20,20,2228
1,20,21,1649
1,20,22,1517
1,20,23,1477
1,21,0,494
1,21,1,96
1,21,2,2
1,21,3,0
1,21,4,9
1,21,5,1466
1,21,6,4209
1,21,7,7454
1,21,8,8082
1,21,9,5085
1,21,10,3658
1,21,11,3596
1,21,12,3509
1,21,13,4088
1,21,14,5046
1,21,15,6333
1,21,16,8482
1,21,17,9825
1,21,18,7877
1,21,19,4393
1,21,20,2479
1,21,21,1898
1,21,22,1997
1,21,23,1538
1,22,0,654
1,22,1,144
1,22,2,12
1,22,3,0
1,22,4,0
1,22,5,9
1,22,6,691
1,22,7,1546
1,22,8,2462
1,22,9,2840
1,22,10,3323
1,22,11,3934
1,22,12,4213
1,22,13,4107
1,22,14,4271
1,22,15,4622
1,22,16,4895
1,22,17,4758
1,22,18,4018
1,22,19,2799
1,22,20,2014
1,22,21,1904
1,22,22,1581
1,22,23,997
1,23,0,537
1,23,1,155
1,23,2,2
1,23,3,0
1,23,4,0
1,23,5,0
1,23,6,5
1,23,7,286
1,23,8,1541
1,23,9,2027
1,23,10,2417
1,23,11,2797
1,23,12,3008
1,23,13,2927
1,23,14,2969
1,23,15,3184
1,23,16,3421
1,23,17,3252
1,23,18,2987
1,23,19,2253
1,23,20,1741
1,23,21,1579
1,23,22,750
1,23,23,29
1,24,0,0
1,24,1,1
1,24,2,1
1,24,3,1
1,24,4,16
1,24,5,1467
1,24,6,4448
1,24,7,8257
1,24,8,8803
1,24,9,5554
1,24,10,3550
1,24,11,3176
1,24,12,3067
1,24,13,3504
1,24,14,4107
1,24,15,5818
1,24,16,8013
1,24,17,9980
1,24,18,7210
1,24,19,3658
1,24,20,1925
1,24,21,1323
1,24,22,1064
1,24,23,834
1,25,0,341
1,25,1,89
1,25,2,0
1,25,3,6
1,25,4,12
1,25,5,1634
1,25,6,4815
1,25,7,8862
1,25,8,9541
1,25,9,5642
1,25,10,3628
1,25,11,3104
1,25,12,3204
1,25,13,3484
1,25,14,4406
1,25,15,5996
1,25,16,8563
1,25,17,11078
1,25,18,8083
1,25,19,3914
1,25,20,2070
1,25,21,1622
1,25,22,1761
1,25,23,1086
1,26,0,386
1,26,1,87
1,26,2,3
1,26,3,1
1,26,4,15
1,26,5,1594
1,26,6,4711
1,26,7,8659
1,26,8,9569
1,26,9,5798
1,26,10,3855
1,26,11,3472
1,26,12,3447
1,26,13,3769
1,26,14,4545
1,26,15,6500
1,26,16,8548
1,26,17,10536
1,26,18,8118
1,26,19,4029
1,26,20,2278
1,26,21,1628
1,26,22,1386
1,26,23,912
1,27,0,436
1,27,1,86
1,27,2,0
1,27,3,3
1,27,4,16
1,27,5,1591
1,27,6,4698
1,27,7,8614
1,27,8,9484
1,27,9,5810
1,27,10,4046
1,27,11,3407
1,27,12,3340
1,27,13,3711
1,27,14,4558
1,27,15,6477
1,27,16,8559
1,27,17,10960
1,27,18,8187
1,27,19,4664
1,27,20,2584
1,27,21,1813
1,27,22,2072
1,27,23,1400
1,28,0,430
1,28,1,106
1,28,2,4
1,28,3,3
1,28,4,10
1,28,5,1469
1,28,6,4339
1,28,7,7822
1,28,8,8349
1,28,9,5674
1,28,10,4042
1,28,11,3696
1,28,12,3883
1,28,13,4030
1,28,14,4949
1,28,15,5905
1,28,16,7619
1,28,17,11086
1,28,18,8059
1,28,19,4472
1,28,20,2639
1,28,21,1958
1,28,22,1645
1,28,23,929
1,29,0,877
1,29,1,119
1,29,2,32
1,29,3,0
1,29,4,0
1,29,5,11
1,29,6,725
1,29,7,1631
1,29,8,2593
1,29,9,2992
1,29,10,3315
1,29,11,3800
1,29,12,4229
1,29,13,4359
1,29,14,4562
1,29,15,4711
1,29,16,4795
1,29,17,4754
1,29,18,4354
1,29,19,3340
1,29,20,2112
1,29,21,2306
1,29,22,1710
1,29,23,1225
1,30,0,658
1,30,1,153
1,30,2,7
1,30,3,0
1,30,4,0
1,30,5,0
1,30,6,4
1,30,7,225
1,30,8,1688
1,30,9,2110
1,30,10,2494
1,30,11,2817
1,30,12,3076
1,30,13,3126
1,30,14,3353
1,30,15,3316
1,30,16,3089
1,30,17,3204
1,30,18,2995
1,30,19,2436
1,30,20,1844
1,30,21,1301
1,30,22,636
1,30,23,75
1,31,0,0
1,31,1,0
1,31,2,0
1,31,3,1
1,31,4,9
1,31,5,1404
1,31,6,4158
1,31,7,8041
1,31,8,8487
1,31,9,5910
1,31,10,3830
1,31,11,3181
1,31,12,3559
1,31,13,3572
1,31,14,4488
1,31,15,5830
1,31,16,7907
1,31,17,9901
1,31,18,7326
1,31,19,3541
1,31,20,1968
1,31,21,1442
1,31,22,1012
1,31,23,740
2,1,0,390
2,1,1,71
2,1,2,4
2,1,3,1
2,1,4,18
2,1,5,1537
2,1,6,4755
2,1,7,8719
2,1,8,9403
2,1,9,6285
2,1,10,4061
2,1,11,3429
2,1,12,3385
2,1,13,3844
2,1,14,4321
2,1,15,6432
2,1,16,8473
2,1,17,10535
2,1,18,8624
2,1,19,4515
2,1,20,2381
2,1,21,1617
2,1,22,1340
2,1,23,990
2,2,0,466
2,2,1,75
2,2,2,1
2,2,3,1
2,2,4,8
2,2,5,1649
2,2,6,4838
2,2,7,9131
2,2,8,10322
2,2,9,6458
2,2,10,4233
2,2,11,3049
2,2,12,3882
2,2,13,4148
2,2,14,4775
2,2,15,6791
2,2,16,8945
2,2,17,11355
2,2,18,8714
2,2,19,4565
2,2,20,2408
2,2,21,1861
2,2,22,1408
2,2,23,1166
2,3,0,444
2,3,1,78
2,3,2,8
2,3,3,0
2,3,4,6
2,3,5,1612
2,3,6,4646
2,3,7,9238
2,3,8,10320
2,3,9,6623
2,3,10,4348
2,3,11,3611
2,3,12,3906
2,3,13,4077
2,3,14,4860
2,3,15,6855
2,3,16,9399
2,3,17,11777
2,3,18,8736
2,3,19,5220
2,3,20,2511
2,3,21,1982
2,3,22,2313
2,3,23,1300
2,4,0,506
2,4,1,94
2,4,2,1
2,4,3,1
2,4,4,12
2,4,5,1503
2,4,6,4381
2,4,7,8029
2,4,8,9025
2,4,9,5877
2,4,10,4273
2,4,11,3894
2,4,12,4087
2,4,13,4375
2,4,14,5272
2,4,15,7041
2,4,16,9263
2,4,17,11167
2,4,18,8875
2,4,19,5358
2,4,20,2957
2,4,21,2380
2,4,22,2065
2,4,23,1717
2,5,0,985
2,5,1,245
2,5,2,9
2,5,3,1
2,5,4,0
2,5,5,9
2,5,6,750
2,5,7,1772
2,5,8,2712
2,5,9,3315
2,5,10,3697
2,5,11,4380
2,5,12,4597
2,5,13,4335
2,5,14,4746
2,5,15,4804
2,5,16,4999
2,5,17,5450
2,5,18,4855
2,5,19,3653
2,5,20,2430
2,5,21,1979
2,5,22,1755
2,5,23,1599
2,6,0,755
2,6,1,204
2,6,2,6
2,6,3,3
2,6,4,0
2,6,5,0
2,6,6,4
2,6,7,199
2,6,8,1598
2,6,9,2303
2,6,10,2681
2,6,11,3048
2,6,12,3388
2,6,13,3606
2,6,14,3249
2,6,15,3318
2,6,16,2738
2,6,17,4333
2,6,18,3541
2,6,19,2567
2,6,20,1745
2,6,21,1363
2,6,22,665
2,6,23,47
2,7,0,1
2,7,1,2
2,7,2,0
2,7,3,0
2,7,4,13
2,7,5,1454
2,7,6,4671
2,7,7,8897
2,7,8,10012
2,7,9,6254
2,7,10,4119
2,7,11,3532
2,7,12,3569
2,7,13,3886
2,7,14,4542
2,7,15,6346
2,7,16,8486
2,7,17,10439
2,7,18,8508
2,7,19,4301
2,7,20,2273
2,7,21,1425
2,7,22,1229
2,7,23,702
2,8,0,385
2,8,1,55
2,8,2,3
2,8,3,1
2,8,4,12
2,8,5,1608
2,8,6,5168
2,8,7,9630
2,8,8,10887
2,8,9,6713
2,8,10,4248
2,8,11,3528
2,8,12,3825
2,8,13,3946
2,8,14,4716
2,8,15,6563
2,8,16,9146
2,8,17,11980
2,8,18,9181
2,8,19,4746
2,8,20,2471
2,8,21,1797
2,8,22,1448
2,8,23,1042
2,9,0,347
2,9,1,172
2,9,2,31
2,9,3,45
2,9,4,8
2,9,5,1607
2,9,6,5151
2,9,7,9590
2,9,8,11150
2,9,9,6855
2,9,10,4404
2,9,11,3766
2,9,12,3841
2,9,13,4233
2,9,14,4884
2,9,15,6783
2,9,16,9139
2,9,17,11815
2,9,18,9201
2,9,19,4774
2,9,20,2563
2,9,21,1728
2,9,22,1578
2,9,23,1011
2,10,0,505
2,10,1,97
2,10,2,2
2,10,3,0
2,10,4,16
2,10,5,1495
2,10,6,5226
2,10,7,9605
2,10,8,10997
2,10,9,6820
2,10,10,4607
2,10,11,3856
2,10,12,3905
2,10,13,4247
2,10,14,5137
2,10,15,7080
2,10,16,9364
2,10,17,12404
2,10,18,9845
2,10,19,5572
2,10,20,2902
2,10,21,1907
2,10,22,1820
2,10,23,1610
2,11,0,853
2,11,1,142
2,11,2,4
2,11,3,0
2,11,4,11
2,11,5,1491
2,11,6,4621
2,11,7,8209
2,11,8,9555
2,11,9,6214
2,11,10,4440
2,11,11,4184
2,11,12,4125
2,11,13,4449
2,11,14,5547
2,11,15,7271
2,11,16,9147
2,11,17,11103
2,11,18,8937
2,11,19,5590
2,11,20,3366
2,11,21,2271
2,11,22,1814
2,11,23,1705
2,12,0,1046
2,12,1,288
2,12,2,7
2,12,3,0
2,12,4,2
2,12,5,13
2,12,6,696
2,12,7,1940
2,12,8,2846
2,12,9,3511
2,12,10,4131
2,12,11,4750
2,12,12,5109
2,12,13,5110
2,12,14,4988
2,12,15,4998
2,12,16,5587
2,12,17,5691
2,12,18,4934
2,12,19,3889
2,12,20,2432
2,12,21,2416
2,12,22,2351
2,12,23,1467
2,13,0,860
2,13,1,194
2,13,2,4
2,13,3,0
2,13,4,0
2,13,5,0
2,13,6,7
2,13,7,367
2,13,8,1803
2,13,9,2204
2,13,10,2643
2,13,11,2982
2,13,12,3393
2,13,13,3457
2,13,14,3410
2,13,15,3705
2,13,16,3228
2,13,17,3288
2,13,18,2970
2,13,19,2459
2,13,20,2200
2,13,21,1639
2,13,22,654
2,13,23,35
2,14,0,0
2,14,1,2
2,14,2,1
2,14,3,0
2,14,4,19
2,14,5,1427
2,14,6,4627
2,14,7,8943
2,14,8,10231
2,14,9,6676
2,14,10,4244
2,14,11,3868
2,14,12,3933
2,14,13,4241
2,14,14,5139
2,14,15,6667
2,14,16,9356
2,14,17,11002
2,14,18,9053
2,14,19,4454
2,14,20,2278
2,14,21,1557
2,14,22,1229
2,14,23,1039
2,15,0,598
2,15,1,110
2,15,2,6
2,15,3,0
2,15,4,6
2,15,5,1661
2,15,6,5183
2,15,7,10233
2,15,8,11955
2,15,9,7361
2,15,10,4875
2,15,11,3853
2,15,12,3947
2,15,13,4116
2,15,14,4893
2,15,15,7048
2,15,16,9672
2,15,17,12733
2,15,18,9562
2,15,19,5082
2,15,20,2655
2,15,21,1863
2,15,22,1369
2,15,23,983
2,16,0,413
2,16,1,101
2,16,2,1
2,16,3,1
2,16,4,8
2,16,5,1677
2,16,6,5217
2,16,7,10131
2,16,8,12194
2,16,9,7566
2,16,10,4781
2,16,11,4145
2,16,12,4295
2,16,13,4607
2,16,14,5355
2,16,15,7635
2,16,16,10050
2,16,17,13262
2,16,18,9894
2,16,19,5582
2,16,20,2927
2,16,21,2089
2,16,22,2003
2,16,23,1753
2,17,0,546
2,17,1,110
2,17,2,6
2,17,3,0
2,17,4,18
2,17,5,1750
2,17,6,5189
2,17,7,10078
2,17,8,11709
2,17,9,7770
2,17,10,5004
2,17,11,4127
2,17,12,4428
2,17,13,4716
2,17,14,5638
2,17,15,7370
2,17,16,10323
2,17,17,12376
2,17,18,10630
2,17,19,5668
2,17,20,3221
2,17,21,2096
2,17,22,1824
2,17,23,1398
2,18,0,536
2,18,1,139
2,18,2,5
2,18,3,0
2,18,4,9
2,18,5,1511
2,18,6,4319
2,18,7,8533
2,18,8,9514
2,18,9,6653
2,18,10,4886
2,18,11,4792
2,18,12,4679
2,18,13,5138
2,18,14,6086
2,18,15,7578
2,18,16,10194
2,18,17,12085
2,18,18,9926
2,18,19,5696
2,18,20,3072
2,18,21,2188
2,18,22,2208
2,18,23,3051
2,19,0,1282
2,19,1,220
2,19,2,10
2,19,3,0
2,19,4,0
2,19,5,7
2,19,6,705
2,19,7,2018
2,19,8,2981
2,19,9,3666
2,19,10,4206
2,19,11,5095
2,19,12,5398
2,19,13,5662
2,19,14,5739
2,19,15,6422
2,19,16,6991
2,19,17,6697
2,19,18,6969
2,19,19,6217
2,19,20,5021
2,19,21,3602
2,19,22,2635
2,19,23,2674
2,20,0,2219
2,20,1,188
2,20,2,8
2,20,3,1
2,20,4,1
2,20,5,0
2,20,6,8
2,20,7,345
2,20,8,2095
2,20,9,2684
2,20,10,3262
2,20,11,3999
2,20,12,3966
2,20,13,3903
2,20,14,3888
2,20,15,3767
2,20,16,4133
2,20,17,4195
2,20,18,3867
2,20,19,2884
2,20,20,1962
2,20,21,1568
2,20,22,1089
2,20,23,771
2,21,0,375
2,21,1,60
2,21,2,4
2,21,3,1
2,21,4,0
2,21,5,16
2,21,6,1243
2,21,7,3208
2,21,8,3998
2,21,9,3663
2,21,10,3898
2,21,11,3919
2,21,12,3918
2,21,13,3916
2,21,14,4243
2,21,15,4676
2,21,16,5489
2,21,17,5421
2,21,18,4797
2,21,19,3603
2,21,20,2124
2,21,21,1571
2,21,22,1249
2,21,23,798
2,22,0,409
2,22,1,82
2,22,2,13
2,22,3,2
2,22,4,11
2,22,5,1677
2,22,6,5007
2,22,7,9783
2,22,8,11956
2,22,9,7244
2,22,10,4943
2,22,11,4123
2,22,12,4120
2,22,13,4434
2,22,14,5204
2,22,15,6777
2,22,16,9667
2,22,17,12771
2,22,18,9583
2,22,19,5105
2,22,20,2647
2,22,21,1784
2,22,22,1412
2,22,23,1056
2,23,0,606
2,23,1,100
2,23,2,4
2,23,3,1
2,23,4,9
2,23,5,1663
2,23,6,4978
2,23,7,9758
2,23,8,12016
2,23,9,7748
2,23,10,4854
2,23,11,4141
2,23,12,4275
2,23,13,4718
2,23,14,5452
2,23,15,7228
2,23,16,9620
2,23,17,13198
2,23,18,9772
2,23,19,5430
2,23,20,2955
2,23,21,2036
2,23,22,1585
2,23,23,1226
2,24,0,613
2,24,1,126
2,24,2,11
2,24,3,1
2,24,4,12
2,24,5,1661
2,24,6,5156
2,24,7,9760
2,24,8,11964
2,24,9,7577
2,24,10,5197
2,24,11,4260
2,24,12,4461
2,24,13,4567
2,24,14,5493
2,24,15,7382
2,24,16,10211
2,24,17,13402
2,24,18,10273
2,24,19,5753
2,24,20,3094
2,24,21,2180
2,24,22,1862
2,24,23,1444
2,25,0,607
2,25,1,114
2,25,2,2
2,25,3,0
2,25,4,9
2,25,5,1554
2,25,6,4580
2,25,7,8119
2,25,8,10118
2,25,9,6622
2,25,10,5017
2,25,11,4272
2,25,12,4658
2,25,13,4871
2,25,14,5777
2,25,15,7425
2,25,16,9972
2,25,17,11964
2,25,18,9681
2,25,19,5695
2,25,20,3349
2,25,21,2299
2,25,22,2105
2,25,23,1723
2,26,0,1207
2,26,1,253
2,26,2,20
2,26,3,0
2,26,4,0
2,26,5,6
2,26,6,709
2,26,7,1904
2,26,8,2841
2,26,9,3522
2,26,10,4033
2,26,11,4431
2,26,12,4727
2,26,13,4442
2,26,14,5251
2,26,15,4971
2,26,16,5259
2,26,17,5385
2,26,18,5047
2,26,19,3854
2,26,20,2562
2,26,21,2401
2,26,22,1998
2,26,23,1512
2,27,0,686
2,27,1,219
2,27,2,8
2,27,3,0
2,27,4,1
2,27,5,0
2,27,6,5
2,27,7,415
2,27,8,2218
2,27,9,2576
2,27,10,3214
2,27,11,3722
2,27,12,4314
2,27,13,4461
2,27,14,4465
2,27,15,4379
2,27,16,4489
2,27,17,4272
2,27,18,4027
2,27,19,3274
2,27,20,2478
2,27,21,1737
2,27,22,1202
2,27,23,792
2,28,0,249
2,28,1,71
2,28,2,2
2,28,3,3
2,28,4,18
2,28,5,1355
2,28,6,4404
2,28,7,9263
2,28,8,11751
2,28,9,7470
2,28,10,4840
2,28,11,4051
2,28,12,4095
2,28,13,4170
2,28,14,5037
2,28,15,6896
2,28,16,9106
2,28,17,12179
2,28,18,9274
2,28,19,4795
2,28,20,2513
2,28,21,1621
2,28,22,1261
2,28,23,888
3,1,0,417
3,1,1,97
3,1,2,0
3,1,3,1
3,1,4,14
3,1,5,1757
3,1,6,5601
3,1,7,10882
3,1,8,13194
3,1,9,8115
3,1,10,4898
3,1,11,4127
3,1,12,4249
3,1,13,4318
3,1,14,5118
3,1,15,7571
3,1,16,10512
3,1,17,13565
3,1,18,9188
3,1,19,6149
3,1,20,3535
3,1,21,2143
3,1,22,1528
3,1,23,1175
3,2,0,616
3,2,1,103
3,2,2,1
3,2,3,1
3,2,4,15
3,2,5,1464
3,2,6,5604
3,2,7,10168
3,2,8,13000
3,2,9,9346
3,2,10,5252
3,2,11,4264
3,2,12,4336
3,2,13,4628
3,2,14,5617
3,2,15,7804
3,2,16,10635
3,2,17,14043
3,2,18,10550
3,2,19,5819
3,2,20,3104
3,2,21,2091
3,2,22,1852
3,2,23,1147
3,3,0,545
3,3,1,140
3,3,2,13
3,3,3,0
3,3,4,13
3,3,5,1814
3,3,6,5253
3,3,7,10766
3,3,8,12768
3,3,9,8150
3,3,10,5115
3,3,11,4422
3,3,12,4503
3,3,13,4679
3,3,14,5583
3,3,15,7425
3,3,16,10543
3,3,17,13527
3,3,18,11190
3,3,19,5916
3,3,20,3469
3,3,21,2273
3,3,22,1953
3,3,23,1552
3,4,0,665
3,4,1,118
3,4,2,13
3,4,3,2
3,4,4,12
3,4,5,1371
3,4,6,4502
3,4,7,8858
3,4,8,10199
3,4,9,6867
3,4,10,5634
3,4,11,4471
3,4,12,4432
3,4,13,5199
3,4,14,5935
3,4,15,7883
3,4,16,10346
3,4,17,11347
3,4,18,11143
3,4,19,6589
3,4,20,3403
3,4,21,2344
3,4,22,2299
3,4,23,2258
3,5,0,1025
3,5,1,210
3,5,2,55
3,5,3,2
3,5,4,1
3,5,5,16
3,5,6,705
3,5,7,2083
3,5,8,3132
3,5,9,3904
3,5,10,4064
3,5,11,4637
3,5,12,4973
3,5,13,5322
3,5,14,5101
3,5,15,5368
3,5,16,5798
3,5,17,5744
3,5,18,5236
3,5,19,4185
3,5,20,2800
3,5,21,2325
3,5,22,2018
3,5,23,1722
3,6,0,746
3,6,1,193
3,6,2,15
3,6,3,0
3,6,4,0
3,6,5,0
3,6,6,7
3,6,7,302
3,6,8,2319
3,6,9,2729
3,6,10,2726
3,6,11,3387
3,6,12,3937
3,6,13,3985
3,6,14,3582
3,6,15,4194
3,6,16,3943
3,6,17,4354
3,6,18,3758
3,6,19,2883
3,6,20,2189
3,6,21,1642
3,6,22,1268
3,6,23,717
3,7,0,318
3,7,1,69
3,7,2,3
3,7,3,1
3,7,4,14
3,7,5,1298
3,7,6,4684
3,7,7,9246
3,7,8,11135
3,7,9,7701
3,7,10,4865
3,7,11,3887
3,7,12,4044
3,7,13,4325
3,7,14,4796
3,7,15,6679
3,7,16,9017
3,7,17,12974
3,7,18,9639
3,7,19,5383
3,7,20,2722
3,7,21,1782
3,7,22,1402
3,7,23,1143
3,8,0,533
3,8,1,114
3,8,2,3
3,8,3,5
3,8,4,20
3,8,5,1745
3,8,6,5533
3,8,7,11551
3,8,8,14184
3,8,9,8426
3,8,10,5181
3,8,11,4392
3,8,12,4451
3,8,13,4597
3,8,14,5342
3,8,15,7622
3,8,16,10865
3,8,17,14814
3,8,18,11855
3,8,19,5854
3,8,20,3148
3,8,21,2197
3,8,22,2285
3,8,23,1459
3,9,0,554
3,9,1,104
3,9,2,11
3,9,3,3
3,9,4,19
3,9,5,1827
3,9,6,5799
3,9,7,11005
3,9,8,14421
3,9,9,9231
3,9,10,5423
3,9,11,4487
3,9,12,4353
3,9,13,4810
3,9,14,5489
3,9,15,7945
3,9,16,10727
3,9,17,14805
3,9,18,11379
3,9,19,6105
3,9,20,3223
3,9,21,2302
3,9,22,1778
3,9,23,1413
3,10,0,680
3,10,1,124
3,10,2,3
3,10,3,2
3,10,4,21
3,10,5,1849
3,10,6,5634
3,10,7,11394
3,10,8,13757
3,10,9,8867
3,10,10,5898
3,10,11,4566
3,10,12,4799
3,10,13,4929
3,10,14,5979
3,10,15,8105
3,10,16,10785
3,10,17,15315
3,10,18,11637
3,10,19,6709
3,10,20,3633
3,10,21,2449
3,10,22,1982
3,10,23,1707
3,11,0,765
3,11,1,138
3,11,2,10
3,11,3,3
3,11,4,20
3,11,5,1652
3,11,6,4904
3,11,7,9606
3,11,8,10488
3,11,9,7344
3,11,10,5358
3,11,11,4689
3,11,12,4818
3,11,13,5199
3,11,14,6257
3,11,15,8090
3,11,16,10393
3,11,17,12940
3,11,18,10191
3,11,19,6568
3,11,20,4032
3,11,21,2656
3,11,22,2326
3,11,23,2237
3,12,0,1257
3,12,1,313
3,12,2,17
3,12,3,0
3,12,4,0
3,12,5,19
3,12,6,695
3,12,7,2244
3,12,8,3196
3,12,9,4024
3,12,10,4857
3,12,11,5678
3,12,12,5697
3,12,13,5842
3,12,14,6379
3,12,15,6218
3,12,16,6645
3,12,17,6347
3,12,18,5763
3,12,19,4530
3,12,20,3307
3,12,21,2922
3,12,22,2201
3,12,23,1839
3,13,0,1122
3,13,1,281
3,13,2,0
3,13,3,20
3,13,4,1
3,13,5,0
3,13,6,4
3,13,7,236
3,13,8,1832
3,13,9,2385
3,13,10,2803
3,13,11,3518
3,13,12,3899
3,13,13,3704
3,13,14,3874
3,13,15,3676
3,13,16,3826
3,13,17,4263
3,13,18,4257
3,13,19,3155
3,13,20,2312
3,13,21,1741
3,13,22,1491
3,13,23,1038
3,14,0,338
3,14,1,66
3,14,2,2
3,14,3,0
3,14,4,13
3,14,5,1575
3,14,6,4995
3,14,7,9710
3,14,8,12097
3,14,9,7942
3,14,10,5276
3,14,11,4275
3,14,12,4300
3,14,13,4529
3,14,14,5189
3,14,15,7223
3,14,16,10275
3,14,17,13950
3,14,18,10316
3,14,19,5700
3,14,20,3050
3,14,21,2051
3,14,22,2413
3,14,23,1739
3,15,0,530
3,15,1,146
3,15,2,10
3,15,3,0
3,15,4,11
3,15,5,1454
3,15,6,5255
3,15,7,8755
3,15,8,14074
3,15,9,11142
3,15,10,5933
3,15,11,4471
3,15,12,4207
3,15,13,4217
3,15,14,5427
3,15,15,7256
3,15,16,11145
3,15,17,15232
3,15,18,11769
3,15,19,6412
3,15,20,3581
3,15,21,2353
3,15,22,1955
3,15,23,1443
3,16,0,596
3,16,1,111
3,16,2,2
3,16,3,7
3,16,4,13
3,16,5,1786
3,16,6,5339
3,16,7,11446
3,16,8,13826
3,16,9,10239
3,16,10,5701
3,16,11,4622
3,16,12,4629
3,16,13,5088
3,16,14,6075
3,16,15,8056
3,16,16,11515
3,16,17,15454
3,16,18,12027
3,16,19,6549
3,16,20,4012
3,16,21,2681
3,16,22,2567
3,16,23,2053
3,17,0,663
3,17,1,133
3,17,2,8
3,17,3,0
3,17,4,17
3,17,5,1625
3,17,6,5722
3,17,7,10844
3,17,8,14447
3,17,9,9216
3,17,10,5787
3,17,11,4733
3,17,12,4734
3,17,13,5020
3,17,14,5663
3,17,15,7906
3,17,16,11627
3,17,17,14868
3,17,18,12370
3,17,19,7597
3,17,20,4220
3,17,21,2816
3,17,22,2414
3,17,23,2040
3,18,0,1139
3,18,1,189
3,18,2,6
3,18,3,0
3,18,4,16
3,18,5,1491
3,18,6,4751
3,18,7,9231
3,18,8,10779
3,18,9,7267
3,18,10,5384
3,18,11,5210
3,18,12,5148
3,18,13,5462
3,18,14,6357
3,18,15,7959
3,18,16,10652
3,18,17,12929
3,18,18,11061
3,18,19,7103
3,18,20,3982
3,18,21,3105
3,18,22,2270
3,18,23,1996
3,19,0,1557
3,19,1,346
3,19,2,27
3,19,3,1
3,19,4,0
3,19,5,32
3,19,6,733
3,19,7,1974
3,19,8,2876
3,19,9,3302
3,19,10,3439
3,19,11,4631
3,19,12,4564
3,19,13,4661
3,19,14,4317
3,19,15,4879
3,19,16,5117
3,19,17,5431
3,19,18,4992
3,19,19,4092
3,19,20,2724
3,19,21,2417
3,19,22,1625
3,19,23,2000
3,20,0,1236
3,20,1,209
3,20,2,19
3,20,3,2
3,20,4,0
3,20,5,0
3,20,6,15
3,20,7,206
3,20,8,2101
3,20,9,3083
3,20,10,3228
3,20,11,4107
3,20,12,4506
3,20,13,4387
3,20,14,4719
3,20,15,4071
3,20,16,4563
3,20,17,4656
3,20,18,4239
3,20,19,3472
3,20,20,2965
3,20,21,2360
3,20,22,1681
3,20,23,930
3,21,0,446
3,21,1,89
3,21,2,7
3,21,3,0
3,21,4,17
3,21,5,1540
3,21,6,5354
3,21,7,10222
3,21,8,12495
3,21,9,7503
3,21,10,5293
3,21,11,4567
3,21,12,4237
3,21,13,4664
3,21,14,5377
3,21,15,7257
3,21,16,10224
3,21,17,13444
3,21,18,10260
3,21,19,6009
3,21,20,3246
3,21,21,2276
3,21,22,1757
3,21,23,1670
3,22,0,564
3,22,1,143
3,22,2,5
3,22,3,0
3,22,4,15
3,22,5,1867
3,22,6,5848
3,22,7,12330
3,22,8,14994
3,22,9,9560
3,22,10,5478
3,22,11,4686
3,22,12,4942
3,22,13,4899
3,22,14,5532
3,22,15,7944
3,22,16,11254
3,22,17,15406
3,22,18,12557
3,22,19,6926
3,22,20,4010
3,22,21,2536
3,22,22,2097
3,22,23,1571
3,23,0,607
3,23,1,175
3,23,2,18
3,23,3,2
3,23,4,22
3,23,5,1932
3,23,6,5955
3,23,7,12040
3,23,8,14365
3,23,9,10390
3,23,10,5885
3,23,11,4635
3,23,12,4919
3,23,13,5187
3,23,14,6272
3,23,15,8348
3,23,16,11764
3,23,17,15857
3,23,18,12519
3,23,19,6919
3,23,20,4099
3,23,21,2725
3,23,22,2417
3,23,23,1573
3,24,0,720
3,24,1,118
3,24,2,6
3,24,3,4
3,24,4,18
3,24,5,1844
3,24,6,5871
3,24,7,11202
3,24,8,15212
3,24,9,9375
3,24,10,6190
3,24,11,5029
3,24,12,5163
3,24,13,5160
3,24,14,6308
3,24,15,8792
3,24,16,11824
3,24,17,16045
3,24,18,12403
3,24,19,6820
3,24,20,4130
3,24,21,3151
3,24,22,3238
3,24,23,1893
3,25,0,828
3,25,1,186
3,25,2,5
3,25,3,0
3,25,4,17
3,25,5,1568
3,25,6,5094
3,25,7,9226
3,25,8,10705
3,25,9,7837
3,25,10,5430
3,25,11,4891
3,25,12,4949
3,25,13,5460
3,25,14,6585
3,25,15,8079
3,25,16,10932
3,25,17,13104
3,25,18,10468
3,25,19,6632
3,25,20,4203
3,25,21,2880
3,25,22,2457
3,25,23,2373
3,26,0,1226
3,26,1,281
3,26,2,3
3,26,3,0
3,26,4,1
3,26,5,17
3,26,6,775
3,26,7,2127
3,26,8,3275
3,26,9,4058
3,26,10,4535
3,26,11,5151
3,26,12,5319
3,26,13,5647
3,26,14,5596
3,26,15,5690
3,26,16,6106
3,26,17,6602
3,26,18,5901
3,26,19,5027
3,26,20,3527
3,26,21,3332
3,26,22,2836
3,26,23,2280
3,27,0,1092
3,27,1,232
3,27,2,73
3,27,3,0
3,27,4,2
3,27,5,3
3,27,6,4
3,27,7,249
3,27,8,2068
3,27,9,2253
3,27,10,2773
3,27,11,3817
3,27,12,3924
3,27,13,3560
3,27,14,3928
3,27,15,3650
3,27,16,3653
3,27,17,4097
3,27,18,4196
3,27,19,3071
3,27,20,2143
3,27,21,1588
3,27,22,1317
3,27,23,1121
3,28,0,468
3,28,1,133
3,28,2,10
3,28,3,0
3,28,4,20
3,28,5,1163
3,28,6,5104
3,28,7,9156
3,28,8,12373
3,28,9,7757
3,28,10,4939
3,28,11,4506
3,28,12,4146
3,28,13,4223
3,28,14,5308
3,28,15,7323
3,28,16,10183
3,28,17,12723
3,28,18,9749
3,28,19,4863
3,28,20,2969
3,28,21,2067
3,28,22,1652
3,28,23,1109
3,29,0,531
3,29,1,111
3,29,2,6
3,29,3,1
3,29,4,17
3,29,5,1340
3,29,6,6260
3,29,7,12184
3,29,8,14502
3,29,9,9392
3,29,10,5684
3,29,11,4583
3,29,12,4448
3,29,13,4613
3,29,14,5736
3,29,15,7931
3,29,16,11274
3,29,17,15657
3,29,18,12032
3,29,19,6350
3,29,20,3624
3,29,21,2462
3,29,22,1872
3,29,23,1552
3,30,0,833
3,30,1,139
3,30,2,3
3,30,3,0
3,30,4,19
3,30,5,1757
3,30,6,5893
3,30,7,11596
3,30,8,14167
3,30,9,9133
3,30,10,5599
3,30,11,4639
3,30,12,4620
3,30,13,5006
3,30,14,5947
3,30,15,8291
3,30,16,9484
3,30,17,16014
3,30,18,13056
3,30,19,6671
3,30,20,3839
3,30,21,2532
3,30,22,2644
3,30,23,1842
3,31,0,712
3,31,1,136
3,31,2,8
3,31,3,0
3,31,4,14
3,31,5,1666
3,31,6,5715
3,31,7,10658
3,31,8,12892
3,31,9,9248
3,31,10,5461
3,31,11,4773
3,31,12,4497
3,31,13,4817
3,31,14,5695
3,31,15,7832
3,31,16,11135
3,31,17,14762
3,31,18,11820
3,31,19,6716
3,31,20,4112
3,31,21,2689
3,31,22,2344
3,31,23,2144
4,1,0,1106
4,1,1,160
4,1,2,9
4,1,3,2
4,1,4,19
4,1,5,1384
4,1,6,4941
4,1,7,8797
4,1,8,10238
4,1,9,7113
4,1,10,5404
4,1,11,4792
4,1,12,5092
4,1,13,5439
4,1,14,6393
4,1,15,8073
4,1,16,10484
4,1,17,13192
4,1,18,11583
4,1,19,7642
4,1,20,4209
4,1,21,2568
4,1,22,2764
4,1,23,2464
4,2,0,3062
4,2,1,721
4,2,2,33
4,2,3,1
4,2,4,0
4,2,5,11
4,2,6,741
4,2,7,1946
4,2,8,3025
4,2,9,3757
4,2,10,4356
4,2,11,4957
4,2,12,5180
4,2,13,5322
4,2,14,5465
4,2,15,5496
4,2,16,5890
4,2,17,6027
4,2,18,5503
4,2,19,4539
4,2,20,3461
4,2,21,3428
4,2,22,2472
4,2,23,1806
4,3,0,1242
4,3,1,287
4,3,2,24
4,3,3,0
4,3,4,0
4,3,5,0
4,3,6,11
4,3,7,333
4,3,8,2155
4,3,9,2628
4,3,10,3441
4,3,11,3966
4,3,12,3976
4,3,13,4342
4,3,14,4143
4,3,15,3921
4,3,16,4163
4,3,17,4455
4,3,18,4022
4,3,19,3370
4,3,20,2271
4,3,21,1862
4,3,22,1530
4,3,23,887
4,4,0,371
4,4,1,79
4,4,2,5
4,4,3,3
4,4,4,18
4,4,5,1453
4,4,6,5424
4,4,7,9705
4,4,8,10662
4,4,9,9402
4,4,10,5147
4,4,11,4479
4,4,12,4588
4,4,13,4541
4,4,14,5408
4,4,15,7153
4,4,16,10040
4,4,17,13760
4,4,18,9684
4,4,19,5467
4,4,20,3625
4,4,21,2082
4,4,22,1760
4,4,23,1419
4,5,0,542
4,5,1,104
4,5,2,7
4,5,3,2
4,5,4,17
4,5,5,1807
4,5,6,6067
4,5,7,11903
4,5,8,14890
4,5,9,9742
4,5,10,5576
4,5,11,4609
4,5,12,4586
4,5,13,4786
4,5,14,5783
4,5,15,7919
4,5,16,11984
4,5,17,16012
4,5,18,12196
4,5,19,6484
4,5,20,3674
4,5,21,2348
4,5,22,2015
4,5,23,1450
4,6,0,572
4,6,1,151
4,6,2,4
4,6,3,0
4,6,4,14
4,6,5,1578
4,6,6,6021
4,6,7,11718
4,6,8,14270
4,6,9,9593
4,6,10,6014
4,6,11,4791
4,6,12,4822
4,6,13,5206
4,6,14,6000
4,6,15,8092
4,6,16,11771
4,6,17,15600
4,6,18,12167
4,6,19,6583
4,6,20,4033
4,6,21,2772
4,6,22,2305
4,6,23,1654
4,7,0,657
4,7,1,133
4,7,2,8
4,7,3,1
4,7,4,22
4,7,5,1779
4,7,6,5620
4,7,7,11303
4,7,8,14368
4,7,9,9358
4,7,10,6153
4,7,11,5111
4,7,12,5074
4,7,13,5054
4,7,14,6264
4,7,15,7814
4,7,16,11999
4,7,17,15559
4,7,18,12337
4,7,19,6975
4,7,20,4357
4,7,21,2678
4,7,22,2910
4,7,23,2263
4,8,0,770
4,8,1,187
4,8,2,10
4,8,3,0
4,8,4,14
4,8,5,1515
4,8,6,5013
4,8,7,9234
4,8,8,10716
4,8,9,7565
4,8,10,6321
4,8,11,6267
4,8,12,5724
4,8,13,5608
4,8,14,6375
4,8,15,8062
4,8,16,10622
4,8,17,13365
4,8,18,12606
4,8,19,7892
4,8,20,4566
4,8,21,3063
4,8,22,2790
4,8,23,2933
4,9,0,1604
4,9,1,293
4,9,2,26
4,9,3,0
4,9,4,0
4,9,5,22
4,9,6,726
4,9,7,2260
4,9,8,3141
4,9,9,4351
4,9,10,4994
4,9,11,6443
4,9,12,6365
4,9,13,5882
4,9,14,5664
4,9,15,5696
4,9,16,6277
4,9,17,7614
4,9,18,6700
4,9,19,5351
4,9,20,3741
4,9,21,3064
4,9,22,2530
4,9,23,2226
4,10,0,1076
4,10,1,308
4,10,2,12
4,10,3,0
4,10,4,0
4,10,5,1
4,10,6,2
4,10,7,381
4,10,8,2278
4,10,9,3068
4,10,10,3771
4,10,11,4871
4,10,12,4989
4,10,13,4605
4,10,14,4210
4,10,15,4126
4,10,16,4836
4,10,17,5666
4,10,18,4688
4,10,19,3577
4,10,20,2537
4,10,21,1869
4,10,22,1724
4,10,23,890
4,11,0,573
4,11,1,111
4,11,2,1
4,11,3,1
4,11,4,21
4,11,5,1639
4,11,6,5333
4,11,7,9513
4,11,8,12411
4,11,9,8100
4,11,10,4791
4,11,11,4854
4,11,12,4222
4,11,13,4571
4,11,14,5274
4,11,15,7342
4,11,16,10306
4,11,17,14075
4,11,18,10655
4,11,19,5488
4,11,20,3046
4,11,21,2026
4,11,22,2011
4,11,23,1811
4,12,0,799
4,12,1,105
4,12,2,6
4,12,3,0
4,12,4,15
4,12,5,1855
4,12,6,5691
4,12,7,13067
4,12,8,11650
4,12,9,13891
4,12,10,6017
4,12,11,4979
4,12,12,4732
4,12,13,4974
4,12,14,5874
4,12,15,8251
4,12,16,12492
4,12,17,17018
4,12,18,13505
4,12,19,6723
4,12,20,3744
4,12,21,2551
4,12,22,2661
4,12,23,2552
4,13,0,718
4,13,1,124
4,13,2,6
4,13,3,1
4,13,4,17
4,13,5,1891
4,13,6,6085
4,13,7,12419
4,13,8,15900
4,13,9,10559
4,13,10,6080
4,13,11,5610
4,13,12,5205
4,13,13,5617
4,13,14,6218
4,13,15,8774
4,13,16,13214
4,13,17,16861
4,13,18,13107
4,13,19,7130
4,13,20,4042
4,13,21,2719
4,13,22,2136
4,13,23,1952
4,14,0,880
4,14,1,169
4,14,2,4
4,14,3,2
4,14,4,13
4,14,5,1583
4,14,6,5816
4,14,7,10712
4,14,8,13972
4,14,9,9747
4,14,10,5509
4,14,11,4481
4,14,12,4590
4,14,13,5001
4,14,14,5712
4,14,15,7577
4,14,16,11153
4,14,17,15449
4,14,18,11670
4,14,19,6508
4,14,20,3822
4,14,21,2336
4,14,22,2256
4,14,23,1642
4,15,0,686
4,15,1,169
4,15,2,32
4,15,3,0
4,15,4,17
4,15,5,1482
4,15,6,4727
4,15,7,8792
4,15,8,10159
4,15,9,7179
4,15,10,5162
4,15,11,5121
4,15,12,5121
4,15,13,5674
4,15,14,6299
4,15,15,8008
4,15,16,10091
4,15,17,12299
4,15,18,9686
4,15,19,6287
4,15,20,3712
4,15,21,2888
4,15,22,2536
4,15,23,2176
4,16,0,920
4,16,1,211
4,16,2,6
4,16,3,0
4,16,4,1
4,16,5,10
4,16,6,640
4,16,7,1785
4,16,8,2635
4,16,9,3149
4,16,10,3933
4,16,11,4729
4,16,12,4737
4,16,13,5096
4,16,14,5004
4,16,15,5280
4,16,16,5565
4,16,17,5745
4,16,18,5518
4,16,19,4463
4,16,20,3212
4,16,21,3223
4,16,22,2546
4,16,23,1880
4,17,0,962
4,17,1,237
4,17,2,6
4,17,3,0
4,17,4,0
4,17,5,0
4,17,6,7
4,17,7,342
4,17,8,1934
4,17,9,2592
4,17,10,3183
4,17,11,3933
4,17,12,4023
4,17,13,4015
4,17,14,3951
4,17,15,3766
4,17,16,3881
4,17,17,3914
4,17,18,3683
4,17,19,2919
4,17,20,2202
4,17,21,2021
4,17,22,1300
4,17,23,805
4,18,0,452
4,18,1,90
4,18,2,9
4,18,3,0
4,18,4,16
4,18,5,1617
4,18,6,5256
4,18,7,10417
4,18,8,12616
4,18,9,8012
4,18,10,5344
4,18,11,4547
4,18,12,4611
4,18,13,4741
4,18,14,5604
4,18,15,7444
4,18,16,10945
4,18,17,15318
4,18,18,12399
4,18,19,6071
4,18,20,3217
4,18,21,2391
4,18,22,3871
4,18,23,2764
4,19,0,991
4,19,1,167
4,19,2,3
4,19,3,0
4,19,4,15
4,19,5,1675
4,19,6,5712
4,19,7,11594
4,19,8,15686
4,19,9,10452
4,19,10,5950
4,19,11,5073
4,19,12,4738
4,19,13,4963
4,19,14,5664
4,19,15,7915
4,19,16,12109
4,19,17,16280
4,19,18,13064
4,19,19,6561
4,19,20,3902
4,19,21,2601
4,19,22,2350
4,19,23,1719
4,20,0,744
4,20,1,121
4,20,2,5
4,20,3,1
4,20,4,12
4,20,5,1898
4,20,6,5884
4,20,7,11947
4,20,8,15795
4,20,9,10197
4,20,10,6429
4,20,11,5176
4,20,12,5240
4,20,13,5472
4,20,14,6586
4,20,15,8812
4,20,16,12198
4,20,17,16651
4,20,18,12474
4,20,19,7593
4,20,20,3959
4,20,21,2660
4,20,22,2237
4,20,23,1480
4,21,0,780
4,21,1,183
4,21,2,13
4,21,3,0
4,21,4,12
4,21,5,1307
4,21,6,5597
4,21,7,11072
4,21,8,14613
4,21,9,10306
4,21,10,6093
4,21,11,5163
4,21,12,4714
4,21,13,4915
4,21,14,6111
4,21,15,8579
4,21,16,10219
4,21,17,16734
4,21,18,11891
4,21,19,6563
4,21,20,3975
4,21,21,2495
4,21,22,2481
4,21,23,1704
4,22,0,782
4,22,1,152
4,22,2,19
4,22,3,1
4,22,4,11
4,22,5,1549
4,22,6,4766
4,22,7,9005
4,22,8,10852
4,22,9,7626
4,22,10,5625
4,22,11,5054
4,22,12,4897
4,22,13,5694
4,22,14,6308
4,22,15,8324
4,22,16,10746
4,22,17,13218
4,22,18,10719
4,22,19,6384
4,22,20,4293
4,22,21,2978
4,22,22,3331
4,22,23,2054
4,23,0,1058
4,23,1,297
4,23,2,29
4,23,3,0
4,23,4,1
4,23,5,7
4,23,6,756
4,23,7,2315
4,23,8,3394
4,23,9,4177
4,23,10,4588
4,23,11,5673
4,23,12,5830
4,23,13,5460
4,23,14,5677
4,23,15,5716
4,23,16,6733
4,23,17,6208
4,23,18,5959
4,23,19,4596
4,23,20,3480
4,23,21,2898
4,23,22,2488
4,23,23,2015
4,24,0,1019
4,24,1,269
4,24,2,21
4,24,3,2
4,24,4,0
4,24,5,0
4,24,6,8
4,24,7,341
4,24,8,2344
4,24,9,2691
4,24,10,3666
4,24,11,3976
4,24,12,4333
4,24,13,4287
4,24,14,3965
4,24,15,3931
4,24,16,4662
4,24,17,4716
4,24,18,4262
4,24,19,3211
4,24,20,2540
4,24,21,1936
4,24,22,1614
4,24,23,1114
4,25,0,470
4,25,1,115
4,25,2,8
4,25,3,1
4,25,4,15
4,25,5,1699
4,25,6,5351
4,25,7,11137
4,25,8,13139
4,25,9,8465
4,25,10,5004
4,25,11,4572
4,25,12,4380
4,25,13,4592
4,25,14,5638
4,25,15,7432
4,25,16,10319
4,25,17,14383
4,25,18,10479
4,25,19,5556
4,25,20,3249
4,25,21,2379
4,25,22,1670
4,25,23,1276
4,26,0,530
4,26,1,105
4,26,2,10
4,26,3,0
4,26,4,16
4,26,5,1897
4,26,6,6388
4,26,7,13494
4,26,8,16470
4,26,9,10308
4,26,10,5813
4,26,11,4710
4,26,12,4688
4,26,13,4973
4,26,14,5875
4,26,15,8376
4,26,16,12611
4,26,17,17930
4,26,18,13776
4,26,19,7025
4,26,20,3790
4,26,21,2705
4,26,22,3535
4,26,23,2691
4,27,0,748
4,27,1,121
4,27,2,11
4,27,3,1
4,27,4,12
4,27,5,1723
4,27,6,6575
4,27,7,13048
4,27,8,16375
4,27,9,10544
4,27,10,5867
4,27,11,4831
4,27,12,4965
4,27,13,5230
4,27,14,6267
4,27,15,9329
4,27,16,13181
4,27,17,18518
4,27,18,14295
4,27,19,7433
4,27,20,4052
4,27,21,3039
4,27,22,4057
4,27,23,3900
4,28,0,855
4,28,1,194
4,28,2,13
4,28,3,2
4,28,4,9
4,28,5,1809
4,28,6,6150
4,28,7,12498
4,28,8,15632
4,28,9,10277
4,28,10,6549
4,28,11,4996
4,28,12,4811
4,28,13,5166
4,28,14,6410
4,28,15,8645
4,28,16,12298
4,28,17,16690
4,28,18,12757
4,28,19,7085
4,28,20,4307
4,28,21,2858
4,28,22,2693
4,28,23,1997
4,29,0,713
4,29,1,174
4,29,2,8
4,29,3,3
4,29,4,10
4,29,5,1654
4,29,6,5109
4,29,7,10074
4,29,8,11312
4,29,9,7662
4,29,10,5667
4,29,11,5172
4,29,12,5231
4,29,13,5541
4,29,14,6613
4,29,15,8668
4,29,16,11290
4,29,17,14717
4,29,18,12677
4,29,19,7154
4,29,20,4222
4,29,21,2960
4,29,22,3165
4,29,23,4389
4,30,0,2213
4,30,1,508
4,30,2,25
4,30,3,1
4,30,4,0
4,30,5,10
4,30,6,881
4,30,7,2163
4,30,8,3377
4,30,9,4025
4,30,10,4853
4,30,11,5816
4,30,12,6689
4,30,13,5766
4,30,14,5299
4,30,15,5527
4,30,16,6558
4,30,17,7474
4,30,18,6559
4,30,19,4809
4,30,20,3485
4,30,21,2883
4,30,22,2451
4,30,23,2340
5,1,0,1418
5,1,1,265
5,1,2,17
5,1,3,0
5,1,4,2
5,1,5,1
5,1,6,2
5,1,7,442
5,1,8,2489
5,1,9,3235
5,1,10,4204
5,1,11,4874
5,1,12,5422
5,1,13,4914
5,1,14,4249
5,1,15,4184
5,1,16,4863
5,1,17,5713
5,1,18,4710
5,1,19,3499
5,1,20,2401
5,1,21,2132
5,1,22,1419
5,1,23,1072
5,2,0,419
5,2,1,88
5,2,2,17
5,2,3,1
5,2,4,15
5,2,5,1633
5,2,6,5545
5,2,7,11405
5,2,8,13126
5,2,9,7911
5,2,10,5390
5,2,11,4419
5,2,12,4502
5,2,13,4667
5,2,14,5340
5,2,15,7461
5,2,16,10751
5,2,17,14091
5,2,18,10679
5,2,19,5508
5,2,20,3212
5,2,21,2334
5,2,22,2019
5,2,23,1320
5,3,0,522
5,3,1,120
5,3,2,12
5,3,3,3
5,3,4,17
5,3,5,1914
5,3,6,6381
5,3,7,13409
5,3,8,16261
5,3,9,10681
5,3,10,6067
5,3,11,4813
5,3,12,4800
5,3,13,5072
5,3,14,6125
5,3,15,8347
5,3,16,13153
5,3,17,17953
5,3,18,13576
5,3,19,7469
5,3,20,4175
5,3,21,2633
5,3,22,2865
5,3,23,2697
5,4,0,800
5,4,1,131
5,4,2,18
5,4,3,3
5,4,4,17
5,4,5,1862
5,4,6,6021
5,4,7,12972
5,4,8,16314
5,4,9,10392
5,4,10,6034
5,4,11,5284
5,4,12,5445
5,4,13,5277
5,4,14,6098
5,4,15,9158
5,4,16,12136
5,4,17,16992
5,4,18,12711
5,4,19,6774
5,4,20,4157
5,4,21,2929
5,4,22,2277
5,4,23,1614
5,5,0,555
5,5,1,136
5,5,2,12
5,5,3,1
5,5,4,13
5,5,5,1861
5,5,6,5902
5,5,7,12450
5,5,8,15359
5,5,9,10516
5,5,10,6355
5,5,11,4977
5,5,12,5105
5,5,13,5344
5,5,14,6261
5,5,15,8625
5,5,16,12681
5,5,17,16950
5,5,18,13076
5,5,19,7288
5,5,20,4272
5,5,21,3205
5,5,22,3412
5,5,23,2575
5,6,0,965
5,6,1,146
5,6,2,4
5,6,3,1
5,6,4,13
5,6,5,1626
5,6,6,5291
5,6,7,9663
5,6,8,11280
5,6,9,7769
5,6,10,5748
5,6,11,4924
5,6,12,5153
5,6,13,5575
5,6,14,6557
5,6,15,7624
5,6,16,11074
5,6,17,13558
5,6,18,13248
5,6,19,8274
5,6,20,4787
5,6,21,3348
5,6,22,3114
5,6,23,4126
5,7,0,3116
5,7,1,550
5,7,2,32
5,7,3,1
5,7,4,0
5,7,5,15
5,7,6,797
5,7,7,2229
5,7,8,3454
5,7,9,4103
5,7,10,4010
5,7,11,6093
5,7,12,5963
5,7,13,6544
5,7,14,6956
5,7,15,5912
5,7,16,7413
5,7,17,6954
5,7,18,5812
5,7,19,5084
5,7,20,4329
5,7,21,4790
5,7,22,2680
5,7,23,2495
5,8,0,1112
5,8,1,410
5,8,2,25
5,8,3,0
5,8,4,1
5,8,5,2
5,8,6,7
5,8,7,319
5,8,8,2215
5,8,9,2633
5,8,10,3619
5,8,11,4158
5,8,12,4507
5,8,13,4176
5,8,14,3651
5,8,15,3807
5,8,16,4232
5,8,17,4921
5,8,18,5292
5,8,19,4361
5,8,20,2497
5,8,21,1841
5,8,22,1720
5,8,23,2840
5,9,0,927
5,9,1,99
5,9,2,2
5,9,3,0
5,9,4,19
5,9,5,1695
5,9,6,5429
5,9,7,11453
5,9,8,13036
5,9,9,8314
5,9,10,5178
5,9,11,4513
5,9,12,4241
5,9,13,4683
5,9,14,5307
5,9,15,7714
5,9,16,10997
5,9,17,15035
5,9,18,10484
5,9,19,5530
5,9,20,3295
5,9,21,2230
5,9,22,2521
5,9,23,2239
5,10,0,634
5,10,1,132
5,10,2,7
5,10,3,1
5,10,4,11
5,10,5,1836
5,10,6,6381
5,10,7,13226
5,10,8,16344
5,10,9,10314
5,10,10,5719
5,10,11,4848
5,10,12,4586
5,10,13,4902
5,10,14,5960
5,10,15,8035
5,10,16,12834
5,10,17,17075
5,10,18,12975
5,10,19,6591
5,10,20,3619
5,10,21,2975
5,10,22,2688
5,10,23,1739
5,11,0,670
5,11,1,133
5,11,2,24
5,11,3,2
5,11,4,16
5,11,5,1891
5,11,6,6275
5,11,7,12861
5,11,8,15827
5,11,9,10752
5,11,10,5992
5,11,11,5702
5,11,12,5082
5,11,13,5122
5,11,14,6095
5,11,15,8448
5,11,16,12609
5,11,17,17361
5,11,18,12663
5,11,19,6786
5,11,20,3923
5,11,21,2875
5,11,22,2277
5,11,23,1410
5,12,0,660
5,12,1,135
5,12,2,3
5,12,3,4
5,12,4,14
5,12,5,1838
5,12,6,6001
5,12,7,12437
5,12,8,15392
5,12,9,9919
5,12,10,6254
5,12,11,4992
5,12,12,4668
5,12,13,5460
5,12,14,5900
5,12,15,8541
5,12,16,12190
5,12,17,15474
5,12,18,13973
5,12,19,7452
5,12,20,4419
5,12,21,2847
5,12,22,2623
5,12,23,2050
5,13,0,2336
5,13,1,213
5,13,2,6
5,13,3,3
5,13,4,9
5,13,5,1648
5,13,6,5112
5,13,7,10225
5,13,8,11201
5,13,9,7523
5,13,10,5813
5,13,11,5088
5,13,12,5243
5,13,13,5618
5,13,14,6655
5,13,15,8456
5,13,16,11547
5,13,17,14578
5,13,18,12682
5,13,19,7902
5,13,20,4666
5,13,21,3853
5,13,22,4131
5,13,23,3137
5,14,0,3404
5,14,1,411
5,14,2,34
5,14,3,1
5,14,4,0
5,14,5,17
5,14,6,840
5,14,7,2462
5,14,8,3628
5,14,9,4431
5,14,10,5886
5,14,11,6233
5,14,12,6831
5,14,13,7689
5,14,14,6441
5,14,15,6133
5,14,16,6462
5,14,17,7498
5,14,18,7032
5,14,19,5188
5,14,20,3393
5,14,21,3779
5,14,22,4368
5,14,23,2125
5,15,0,1027
5,15,1,249
5,15,2,21
5,15,3,3
5,15,4,2
5,15,5,2
5,15,6,53
5,15,7,1386
5,15,8,4125
5,15,9,3359
5,15,10,4198
5,15,11,4504
5,15,12,5893
5,15,13,4942
5,15,14,4848
5,15,15,4198
5,15,16,4877
5,15,17,5793
5,15,18,4624
5,15,19,3525
5,15,20,2580
5,15,21,2248
5,15,22,1612
5,15,23,1185
5,16,0,614
5,16,1,128
5,16,2,12
5,16,3,0
5,16,4,15
5,16,5,1640
5,16,6,5569
5,16,7,11139
5,16,8,13674
5,16,9,8015
5,16,10,5546
5,16,11,4728
5,16,12,4511
5,16,13,4875
5,16,14,5669
5,16,15,7613
5,16,16,10785
5,16,17,14551
5,16,18,9537
5,16,19,5798
5,16,20,3546
5,16,21,2713
5,16,22,2114
5,16,23,1360
5,17,0,634
5,17,1,121
5,17,2,5
5,17,3,0
5,17,4,18
5,17,5,1896
5,17,6,6302
5,17,7,13200
5,17,8,16269
5,17,9,10298
5,17,10,5881
5,17,11,4796
5,17,12,4518
5,17,13,4961
5,17,14,5993
5,17,15,8121
5,17,16,12644
5,17,17,16919
5,17,18,13001
5,17,19,6973
5,17,20,4073
5,17,21,2860
5,17,22,2594
5,17,23,1827
5,18,0,722
5,18,1,144
5,18,2,12
5,18,3,1
5,18,4,65
5,18,5,1647
5,18,6,6431
5,18,7,13224
5,18,8,15900
5,18,9,9882
5,18,10,6587
5,18,11,5718
5,18,12,5481
5,18,13,5369
5,18,14,6624
5,18,15,9356
5,18,16,13406
5,18,17,16771
5,18,18,12521
5,18,19,6610
5,18,20,4059
5,18,21,3560
5,18,22,2674
5,18,23,1797
5,19,0,967
5,19,1,186
5,19,2,33
5,19,3,1
5,19,4,19
5,19,5,1930
5,19,6,5876
5,19,7,12639
5,19,8,14596
5,19,9,10323
5,19,10,6072
5,19,11,5191
5,19,12,4799
5,19,13,5171
5,19,14,6479
5,19,15,8386
5,19,16,12045
5,19,17,15891
5,19,18,12220
5,19,19,6694
5,19,20,4560
5,19,21,3219
5,19,22,2574
5,19,23,1944
5,20,0,773
5,20,1,193
5,20,2,16
5,20,3,2
5,20,4,16
5,20,5,1652
5,20,6,5358
5,20,7,9686
5,20,8,11470
5,20,9,7454
5,20,10,5816
5,20,11,4891
5,20,12,4808
5,20,13,5784
5,20,14,6619
5,20,15,8414
5,20,16,11369
5,20,17,13664
5,20,18,11772
5,20,19,6651
5,20,20,3964
5,20,21,3569
5,20,22,3204
5,20,23,3358
5,21,0,1694
5,21,1,277
5,21,2,24
5,21,3,1
5,21,4,1
5,21,5,10
5,21,6,891
5,21,7,2420
5,21,8,3344
5,21,9,3954
5,21,10,5000
5,21,11,6103
5,21,12,5926
5,21,13,5797
5,21,14,5388
5,21,15,5505
5,21,16,5923
5,21,17,6881
5,21,18,6152
5,21,19,5064
5,21,20,3395
5,21,21,2823
5,21,22,2153
5,21,23,2049
5,22,0,947
5,22,1,317
5,22,2,9
5,22,3,1
5,22,4,0
5,22,5,2
5,22,6,5
5,22,7,416
5,22,8,2563
5,22,9,2835
5,22,10,3587
5,22,11,4608
5,22,12,4878
5,22,13,4420
5,22,14,4232
5,22,15,4170
5,22,16,4679
5,22,17,5351
5,22,18,4823
5,22,19,3742
5,22,20,2630
5,22,21,2316
5,22,22,1933
5,22,23,1212
5,23,0,576
5,23,1,141
5,23,2,4
5,23,3,2
5,23,4,22
5,23,5,1636
5,23,6,5648
5,23,7,11189
5,23,8,13033
5,23,9,8272
5,23,10,5053
5,23,11,4730
5,23,12,4227
5,23,13,4775
5,23,14,5674
5,23,15,7747
5,23,16,10917
5,23,17,14496
5,23,18,10828
5,23,19,5704
5,23,20,3415
5,23,21,2593
5,23,22,2292
5,23,23,1675
5,24,0,593
5,24,1,135
5,24,2,11
5,24,3,0
5,24,4,15
5,24,5,1954
5,24,6,6407
5,24,7,12548
5,24,8,16293
5,24,9,9948
5,24,10,5997
5,24,11,4783
5,24,12,4794
5,24,13,5115
5,24,14,6066
5,24,15,8258
5,24,16,12278
5,24,17,16989
5,24,18,13136
5,24,19,6748
5,24,20,3832
5,24,21,3019
5,24,22,2960
5,24,23,2322
5,25,0,1070
5,25,1,129
5,25,2,2
5,25,3,1
5,25,4,23
5,25,5,1298
5,25,6,6522
5,25,7,12464
5,25,8,14570
5,25,9,10149
5,25,10,6445
5,25,11,5944
5,25,12,5190
5,25,13,5258
5,25,14,6183
5,25,15,8323
5,25,16,12468
5,25,17,16683
5,25,18,12691
5,25,19,6946
5,25,20,4020
5,25,21,2783
5,25,22,2248
5,25,23,1728
5,26,0,684
5,26,1,184
5,26,2,19
5,26,3,1
5,26,4,22
5,26,5,1793
5,26,6,5924
5,26,7,11691
5,26,8,14319
5,26,9,9371
5,26,10,5980
5,26,11,5042
5,26,12,4983
5,26,13,5337
5,26,14,6550
5,26,15,8145
5,26,16,12236
5,26,17,16457
5,26,18,12272
5,26,19,6483
5,26,20,4006
5,26,21,3632
5,26,22,3405
5,26,23,1888
5,27,0,750
5,27,1,176
5,27,2,5
5,27,3,1
5,27,4,12
5,27,5,1498
5,27,6,4584
5,27,7,9149
5,27,8,9954
5,27,9,7084
5,27,10,5293
5,27,11,5226
5,27,12,5193
5,27,13,5823
5,27,14,6621
5,27,15,8245
5,27,16,10373
5,27,17,12349
5,27,18,10054
5,27,19,6587
5,27,20,3928
5,27,21,2851
5,27,22,3282
5,27,23,2724
5,28,0,1669
5,28,1,254
5,28,2,8
5,28,3,1
5,28,4,0
5,28,5,12
5,28,6,784
5,28,7,2094
5,28,8,3104
5,28,9,3728
5,28,10,4397
5,28,11,5144
5,28,12,5807
5,28,13,5214
5,28,14,5283
5,28,15,5125
5,28,16,5745
5,28,17,6186
5,28,18,5456
5,28,19,4428
5,28,20,3337
5,28,21,2454
5,28,22,2125
5,28,23,1696
5,29,0,889
5,29,1,242
5,29,2,38
5,29,3,1
5,29,4,0
5,29,5,1
5,29,6,9
5,29,7,416
5,29,8,2620
5,29,9,3776
5,29,10,5031
5,29,11,5399
5,29,12,5685
5,29,13,5830
5,29,14,5664
5,29,15,5424
5,29,16,4952
5,29,17,5690
5,29,18,4999
5,29,19,3835
5,29,20,2896
5,29,21,2638
5,29,22,1675
5,29,23,1237
5,30,0,606
5,30,1,150
5,30,2,13
5,30,3,0
5,30,4,1
5,30,5,8
5,30,6,27
5,30,7,669
5,30,8,2960
5,30,9,3157
5,30,10,3459
5,30,11,3738
5,30,12,4626
5,30,13,4421
5,30,14,4079
5,30,15,3919
5,30,16,5123
5,30,17,4744
5,30,18,3966
5,30,19,3157
5,30,20,2593
5,30,21,2186
5,30,22,1585
5,30,23,898
5,31,0,496
5,31,1,98
5,31,2,4
5,31,3,0
5,31,4,27
5,31,5,1793
5,31,6,6021
5,31,7,11948
5,31,8,13674
5,31,9,10237
5,31,10,4851
5,31,11,4805
5,31,12,4558
5,31,13,4683
5,31,14,5734
5,31,15,7488
5,31,16,10871
5,31,17,15383
5,31,18,12033
5,31,19,6038
5,31,20,3815
5,31,21,2522
5,31,22,2254
5,31,23,1520
6,1,0,554
6,1,1,143
6,1,2,9
6,1,3,2
6,1,4,17
6,1,5,1884
6,1,6,6269
6,1,7,12650
6,1,8,15216
6,1,9,9534
6,1,10,6022
6,1,11,5511
6,1,12,5266
6,1,13,5117
6,1,14,6100
6,1,15,8088
6,1,16,12159
6,1,17,16019
6,1,18,12532
6,1,19,7143
6,1,20,4029
6,1,21,2609
6,1,22,2446
6,1,23,1596
6,2,0,762
6,2,1,125
6,2,2,3
6,2,3,1
6,2,4,15
6,2,5,679
6,2,6,6982
6,2,7,11964
6,2,8,14355
6,2,9,8461
6,2,10,6662
6,2,11,5177
6,2,12,4717
6,2,13,5374
6,2,14,6151
6,2,15,8258
6,2,16,12052
6,2,17,16397
6,2,18,12221
6,2,19,6460
6,2,20,3791
6,2,21,3719
6,2,22,3046
6,2,23,2068
6,3,0,821
6,3,1,161
6,3,2,9
6,3,3,1
6,3,4,14
6,3,5,1736
6,3,6,5117
6,3,7,9683
6,3,8,10669
6,3,9,7573
6,3,10,5379
6,3,11,5053
6,3,12,4887
6,3,13,5457
6,3,14,6792
6,3,15,7638
6,3,16,10444
6,3,17,13733
6,3,18,11928
6,3,19,7038
6,3,20,4077
6,3,21,3307
6,3,22,2760
6,3,23,3797
6,4,0,1295
6,4,1,250
6,4,2,20
6,4,3,1
6,4,4,1
6,4,5,22
6,4,6,976
6,4,7,2422
6,4,8,3480
6,4,9,4167
6,4,10,4575
6,4,11,5609
6,4,12,6360
6,4,13,5801
6,4,14,5207
6,4,15,5542
6,4,16,6634
6,4,17,6989
6,4,18,5698
6,4,19,4498
6,4,20,3393
6,4,21,2573
6,4,22,2606
6,4,23,1951
6,5,0,942
6,5,1,283
6,5,2,7
6,5,3,0
6,5,4,0
6,5,5,1
6,5,6,12
6,5,7,352
6,5,8,2151
6,5,9,2687
6,5,10,3045
6,5,11,3780
6,5,12,4814
6,5,13,4495
6,5,14,4472
6,5,15,4552
6,5,16,5133
6,5,17,5014
6,5,18,3872
6,5,19,3302
6,5,20,2760
6,5,21,2782
6,5,22,1835
6,5,23,1275
6,6,0,500
6,6,1,172
6,6,2,11
6,6,3,0
6,6,4,25
6,6,5,1842
6,6,6,5859
6,6,7,11177
6,6,8,13090
6,6,9,8341
6,6,10,5021
6,6,11,4704
6,6,12,4423
6,6,13,4923
6,6,14,5582
6,6,15,7105
6,6,16,10306
6,6,17,14052
6,6,18,11176
6,6,19,6158
6,6,20,3518
6,6,21,2673
6,6,22,2061
6,6,23,1364
6,7,0,650
6,7,1,136
6,7,2,10
6,7,3,1
6,7,4,25
6,7,5,2122
6,7,6,6674
6,7,7,12746
6,7,8,16429
6,7,9,10049
6,7,10,6160
6,7,11,4928
6,7,12,4900
6,7,13,5006
6,7,14,6017
6,7,15,8346
6,7,16,11825
6,7,17,17520
6,7,18,13647
6,7,19,6967
6,7,20,4158
6,7,21,2841
6,7,22,3005
6,7,23,2179
6,8,0,859
6,8,1,142
6,8,2,6
6,8,3,1
6,8,4,12
6,8,5,2034
6,8,6,6620
6,8,7,12508
6,8,8,15640
6,8,9,9631
6,8,10,6032
6,8,11,5368
6,8,12,5171
6,8,13,5255
6,8,14,6261
6,8,15,8604
6,8,16,12585
6,8,17,17566
6,8,18,13545
6,8,19,7029
6,8,20,3950
6,8,21,3527
6,8,22,3505
6,8,23,2073
6,9,0,770
6,9,1,174
6,9,2,56
6,9,3,1
6,9,4,14
6,9,5,350
6,9,6,4236
6,9,7,10849
6,9,8,15890
6,9,9,10173
6,9,10,5865
6,9,11,5890
6,9,12,5258
6,9,13,5480
6,9,14,6090
6,9,15,7624
6,9,16,11612
6,9,17,16443
6,9,18,12804
6,9,19,7213
6,9,20,4651
6,9,21,3184
6,9,22,3073
6,9,23,2046
6,10,0,809
6,10,1,169
6,10,2,13
6,10,3,1
6,10,4,9
6,10,5,1667
6,10,6,5506
6,10,7,9597
6,10,8,10458
6,10,9,7591
6,10,10,5618
6,10,11,5015
6,10,12,5318
6,10,13,5581
6,10,14,6518
6,10,15,8416
6,10,16,11247
6,10,17,14653
6,10,18,12275
6,10,19,7141
6,10,20,4277
6,10,21,3453
6,10,22,3829
6,10,23,4165
6,11,0,2371
6,11,1,364
6,11,2,24
6,11,3,2
6,11,4,0
6,11,5,11
6,11,6,934
6,11,7,2334
6,11,8,3362
6,11,9,4188
6,11,10,4758
6,11,11,5550
6,11,12,6028
6,11,13,5901
6,11,14,6361
6,11,15,6285
6,11,16,6240
6,11,17,6253
6,11,18,5627
6,11,19,4905
6,11,20,3843
6,11,21,4176
6,11,22,3236
6,11,23,2236
6,12,0,1087
6,12,1,302
6,12,2,19
6,12,3,2
6,12,4,1
6,12,5,0
6,12,6,5
6,12,7,454
6,12,8,2564
6,12,9,3148
6,12,10,4122
6,12,11,5256
6,12,12,5403
6,12,13,4932
6,12,14,4229
6,12,15,4263
6,12,16,4745
6,12,17,6025
6,12,18,4907
6,12,19,4011
6,12,20,2769
6,12,21,2178
6,12,22,1762
6,12,23,1374
6,13,0,568
6,13,1,108
6,13,2,2
6,13,3,0
6,13,4,19
6,13,5,1775
6,13,6,5645
6,13,7,10609
6,13,8,14047
6,13,9,8077
6,13,10,5133
6,13,11,4629
6,13,12,4563
6,13,13,4955
6,13,14,5836
6,13,15,7244
6,13,16,11327
6,13,17,15550
6,13,18,11242
6,13,19,5643
6,13,20,3289
6,13,21,3096
6,13,22,3353
6,13,23,1776
6,14,0,600
6,14,1,145
6,14,2,2
6,14,3,2
6,14,4,26
6,14,5,2010
6,14,6,6632
6,14,7,12386
6,14,8,16434
6,14,9,10437
6,14,10,5785
6,14,11,4876
6,14,12,4783
6,14,13,5245
6,14,14,5843
6,14,15,8355
6,14,16,11623
6,14,17,18074
6,14,18,13755
6,14,19,7237
6,14,20,4184
6,14,21,2782
6,14,22,3057
6,14,23,2699
6,15,0,778
6,15,1,187
6,15,2,10
6,15,3,3
6,15,4,15
6,15,5,1998
6,15,6,6362
6,15,7,12797
6,15,8,15951
6,15,9,9902
6,15,10,6229
6,15,11,6095
6,15,12,5630
6,15,13,5284
6,15,14,6189
6,15,15,6526
6,15,16,13688
6,15,17,17957
6,15,18,13841
6,15,19,7657
6,15,20,4536
6,15,21,2834
6,15,22,2778
6,15,23,2090
6,16,0,835
6,16,1,161
6,16,2,4
6,16,3,0
6,16,4,21
6,16,5,1905
6,16,6,6295
6,16,7,12130
6,16,8,14346
6,16,9,10875
6,16,10,6061
6,16,11,5127
6,16,12,5022
6,16,13,5238
6,16,14,6497
6,16,15,8389
6,16,16,12548
6,16,17,19280
6,16,18,13673
6,16,19,7115
6,16,20,4040
6,16,21,3460
6,16,22,4280
6,16,23,3494
6,17,0,1193
6,17,1,215
6,17,2,18
6,17,3,2
6,17,4,15
6,17,5,1647
6,17,6,5154
6,17,7,9349
6,17,8,10711
6,17,9,7595
6,17,10,5413
6,17,11,5462
6,17,12,5224
6,17,13,6032
6,17,14,6766
6,17,15,7780
6,17,16,10812
6,17,17,13547
6,17,18,11722
6,17,19,7205
6,17,20,4550
6,17,21,3355
6,17,22,3630
6,17,23,2949
6,18,0,1136
6,18,1,394
6,18,2,57
6,18,3,0
6,18,4,0
6,18,5,18
6,18,6,755
6,18,7,2222
6,18,8,3547
6,18,9,4004
6,18,10,4658
6,18,11,5644
6,18,12,6576
6,18,13,5748
6,18,14,5655
6,18,15,5867
6,18,16,6067
6,18,17,7453
6,18,18,5675
6,18,19,5242
6,18,20,3455
6,18,21,3023
6,18,22,2650
6,18,23,2069
6,19,0,1200
6,19,1,340
6,19,2,29
6,19,3,1
6,19,4,2
6,19,5,2
6,19,6,5
6,19,7,359
6,19,8,2534
6,19,9,2902
6,19,10,3484
6,19,11,4496
6,19,12,5276
6,19,13,4809
6,19,14,4574
6,19,15,4277
6,19,16,5291
6,19,17,4815
6,19,18,4436
6,19,19,3759
6,19,20,2960
6,19,21,2492
6,19,22,2079
6,19,23,1159
6,20,0,578
6,20,1,118
6,20,2,5
6,20,3,0
6,20,4,20
6,20,5,1312
6,20,6,4346
6,20,7,8384
6,20,8,12816
6,20,9,16135
6,20,10,18703
6,20,11,17160
6,20,12,10406
6,20,13,11431
6,20,14,17507
6,20,15,17963
6,20,16,14828
6,20,17,13695
6,20,18,10800
6,20,19,6318
6,20,20,3615
6,20,21,2715
6,20,22,2342
6,20,23,1560
6,21,0,750
6,21,1,151
6,21,2,4
6,21,3,0
6,21,4,22
6,21,5,1875
6,21,6,6191
6,21,7,12602
6,21,8,15828
6,21,9,9836
6,21,10,6092
6,21,11,4742
6,21,12,4771
6,21,13,5074
6,21,14,5843
6,21,15,7516
6,21,16,11207
6,21,17,16523
6,21,18,12878
6,21,19,7500
6,21,20,4274
6,21,21,2808
6,21,22,3079
6,21,23,1715
6,22,0,594
6,22,1,151
6,22,2,23
6,22,3,1
6,22,4,15
6,22,5,1711
6,22,6,6071
6,22,7,11206
6,22,8,16327
6,22,9,10921
6,22,10,6188
6,22,11,5063
6,22,12,5301
6,22,13,5140
6,22,14,5855
6,22,15,7825
6,22,16,12039
6,22,17,17170
6,22,18,13712
6,22,19,7301
6,22,20,4191
6,22,21,2878
6,22,22,3057
6,22,23,1956
6,23,0,818
6,23,1,217
6,23,2,20
6,23,3,3
6,23,4,16
6,23,5,1746
6,23,6,6131
6,23,7,11618
6,23,8,16154
6,23,9,9942
6,23,10,6255
6,23,11,5698
6,23,12,5601
6,23,13,5475
6,23,14,6253
6,23,15,8759
6,23,16,12194
6,23,17,15602
6,23,18,14375
6,23,19,7834
6,23,20,4819
6,23,21,3183
6,23,22,2839
6,23,23,2179
6,24,0,938
6,24,1,268
6,24,2,24
6,24,3,0
6,24,4,10
6,24,5,1685
6,24,6,5308
6,24,7,9170
6,24,8,11289
6,24,9,7627
6,24,10,5923
6,24,11,5711
6,24,12,5614
6,24,13,5871
6,24,14,7050
6,24,15,8360
6,24,16,12525
6,24,17,15122
6,24,18,12298
6,24,19,8957
6,24,20,5931
6,24,21,3636
6,24,22,3563
6,24,23,3212
6,25,0,1743
6,25,1,352
6,25,2,16
6,25,3,1
6,25,4,3
6,25,5,25
6,25,6,978
6,25,7,2323
6,25,8,3515
6,25,9,4215
6,25,10,5395
6,25,11,6414
6,25,12,7652
6,25,13,6536
6,25,14,8289
6,25,15,9167
6,25,16,8329
6,25,17,8051
6,25,18,7739
6,25,19,6848
6,25,20,5368
6,25,21,4364
6,25,22,3937
6,25,23,2696
6,26,0,1335
6,26,1,349
6,26,2,15
6,26,3,3
6,26,4,0
6,26,5,2
6,26,6,19
6,26,7,559
6,26,8,3682
6,26,9,7099
6,26,10,12438
6,26,11,12262
6,26,12,12105
6,26,13,11643
6,26,14,11880
6,26,15,11986
6,26,16,11295
6,26,17,11222
6,26,18,8718
6,26,19,7476
6,26,20,4434
6,26,21,3304
6,26,22,2708
6,26,23,1404
6,27,0,923
6,27,1,198
6,27,2,11
6,27,3,4
6,27,4,14
6,27,5,1641
6,27,6,5820
6,27,7,10805
6,27,8,12911
6,27,9,8382
6,27,10,5303
6,27,11,4903
6,27,12,4527
6,27,13,4950
6,27,14,5906
6,27,15,7252
6,27,16,10187
6,27,17,13940
6,27,18,10732
6,27,19,5801
6,27,20,3508
6,27,21,2482
6,27,22,1975
6,27,23,1186
6,28,0,583
6,28,1,145
6,28,2,6
6,28,3,3
6,28,4,14
6,28,5,1872
6,28,6,6489
6,28,7,12773
6,28,8,16173
6,28,9,10407
6,28,10,5938
6,28,11,4823
6,28,12,4904
6,28,13,5019
6,28,14,5953
6,28,15,7923
6,28,16,12054
6,28,17,17474
6,28,18,13486
6,28,19,7199
6,28,20,4004
6,28,21,2929
6,28,22,2955
6,28,23,2385
6,29,0,799
6,29,1,192
6,29,2,10
6,29,3,0
6,29,4,13
6,29,5,1924
6,29,6,6318
6,29,7,12364
6,29,8,15737
6,29,9,10549
6,29,10,6356
6,29,11,6291
6,29,12,5730
6,29,13,5065
6,29,14,6121
6,29,15,7922
6,29,16,13115
6,29,17,17644
6,29,18,13534
6,29,19,7378
6,29,20,4375
6,29,21,2659
6,29,22,2637
6,29,23,1693
6,30,0,697
6,30,1,153
6,30,2,3
6,30,3,0
6,30,4,10
6,30,5,1847
6,30,6,6068
6,30,7,10965
6,30,8,15566
6,30,9,9597
6,30,10,5956
6,30,11,5276
6,30,12,5380
6,30,13,5269
6,30,14,6413
6,30,15,8239
6,30,16,11290
6,30,17,16558
6,30,18,12849
6,30,19,7375
6,30,20,4589
6,30,21,2923
6,30,22,2603
6,30,23,1880
7,1,0,788
7,1,1,165
7,1,2,3
7,1,3,1
7,1,4,14
7,1,5,1541
7,1,6,4836
7,1,7,8613
7,1,8,9999
7,1,9,5755
7,1,10,6528
7,1,11,5246
7,1,12,5516
7,1,13,6194
7,1,14,6818
7,1,15,8449
7,1,16,10407
7,1,17,12298
7,1,18,11002
7,1,19,6975
7,1,20,4193
7,1,21,2825
7,1,22,2924
7,1,23,2501
7,2,0,2064
7,2,1,289
7,2,2,15
7,2,3,1
7,2,4,0
7,2,5,20
7,2,6,849
7,2,7,2097
7,2,8,3158
7,2,9,3899
7,2,10,4551
7,2,11,6311
7,2,12,6248
7,2,13,5673
7,2,14,5347
7,2,15,5334
7,2,16,6211
7,2,17,6564
7,2,18,5891
7,2,19,4595
7,2,20,3310
7,2,21,2676
7,2,22,2363
7,2,23,1962
7,3,0,870
7,3,1,222
7,3,2,18
7,3,3,0
7,3,4,0
7,3,5,1
7,3,6,8
7,3,7,368
7,3,8,2322
7,3,9,3047
7,3,10,3706
7,3,11,4821
7,3,12,5611
7,3,13,4758
7,3,14,4508
7,3,15,4358
7,3,16,4901
7,3,17,5153
7,3,18,4867
7,3,19,3848
7,3,20,3010
7,3,21,2311
7,3,22,2072
7,3,23,1249
7,4,0,559
7,4,1,144
7,4,2,0
7,4,3,0
7,4,4,0
7,4,5,2
7,4,6,5
7,4,7,434
7,4,8,2384
7,4,9,2659
7,4,10,2952
7,4,11,3264
7,4,12,3638
7,4,13,3826
7,4,14,4061
7,4,15,4251
7,4,16,4577
7,4,17,5360
7,4,18,5279
7,4,19,3687
7,4,20,3213
7,4,21,2878
7,4,22,3991
7,4,23,4190
7,5,0,1403
7,5,1,266
7,5,2,32
7,5,3,0
7,5,4,9
7,5,5,1460
7,5,6,5460
7,5,7,10458
7,5,8,13366
7,5,9,8726
7,5,10,5808
7,5,11,5028
7,5,12,4801
7,5,13,4879
7,5,14,5577
7,5,15,7170
7,5,16,9848
7,5,17,14778
7,5,18,11625
7,5,19,6104
7,5,20,3537
7,5,21,2575
7,5,22,2607
7,5,23,1346
7,6,0,638
7,6,1,120
7,6,2,32
7,6,3,2
7,6,4,14
7,6,5,1705
7,6,6,6066
7,6,7,11950
7,6,8,13934
7,6,9,9652
7,6,10,5923
7,6,11,5439
7,6,12,5594
7,6,13,5161
7,6,14,6168
7,6,15,8284
7,6,16,11977
7,6,17,15370
7,6,18,12968
7,6,19,6835
7,6,20,3990
7,6,21,2892
7,6,22,2331
7,6,23,1882
7,7,0,848
7,7,1,171
7,7,2,13
7,7,3,2
7,7,4,27
7,7,5,1721
7,7,6,5807
7,7,7,11465
7,7,8,14070
7,7,9,9117
7,7,10,5946
7,7,11,5186
7,7,12,4847
7,7,13,5189
7,7,14,5970
7,7,15,7966
7,7,16,11286
7,7,17,15608
7,7,18,12304
7,7,19,7782
7,7,20,4413
7,7,21,3223
7,7,22,2479
7,7,23,1999
7,8,0,831
7,8,1,154
7,8,2,6
7,8,3,2
7,8,4,20
7,8,5,1641
7,8,6,5334
7,8,7,9355
7,8,8,10512
7,8,9,7159
7,8,10,5570
7,8,11,5022
7,8,12,5287
7,8,13,5469
7,8,14,6432
7,8,15,7915
7,8,16,10382
7,8,17,12848
7,8,18,11181
7,8,19,6942
7,8,20,4401
7,8,21,3069
7,8,22,3119
7,8,23,1999
7,9,0,1484
7,9,1,323
7,9,2,29
7,9,3,0
7,9,4,0
7,9,5,19
7,9,6,869
7,9,7,2328
7,9,8,3182
7,9,9,3997
7,9,10,4598
7,9,11,5474
7,9,12,6115
7,9,13,5266
7,9,14,5590
7,9,15,5497
7,9,16,7026
7,9,17,6482
7,9,18,5931
7,9,19,4896
7,9,20,3599
7,9,21,2911
7,9,22,2772
7,9,23,2129
7,10,0,1166
7,10,1,256
7,10,2,17
7,10,3,0
7,10,4,0
7,10,5,1
7,10,6,8
7,10,7,429
7,10,8,2397
7,10,9,3093
7,10,10,3571
7,10,11,4407
7,10,12,5175
7,10,13,4962
7,10,14,4558
7,10,15,4340
7,10,16,5495
7,10,17,5007
7,10,18,4721
7,10,19,3983
7,10,20,2826
7,10,21,2461
7,10,22,1959
7,10,23,1361
7,11,0,516
7,11,1,117
7,11,2,8
7,11,3,0
7,11,4,14
7,11,5,1187
7,11,6,5447
7,11,7,10952
7,11,8,13525
7,11,9,8378
7,11,10,5326
7,11,11,4719
7,11,12,4548
7,11,13,4964
7,11,14,5539
7,11,15,7229
7,11,16,10138
7,11,17,14384
7,11,18,11709
7,11,19,6029
7,11,20,3511
7,11,21,2455
7,11,22,2089
7,11,23,1730
7,12,0,737
7,12,1,125
7,12,2,2
7,12,3,0
7,12,4,22
7,12,5,1866
7,12,6,6548
7,12,7,12240
7,12,8,16229
7,12,9,10059
7,12,10,5660
7,12,11,5391
7,12,12,5054
7,12,13,5192
7,12,14,6168
7,12,15,8028
7,12,16,12074
7,12,17,17573
7,12,18,14013
7,12,19,7296
7,12,20,4349
7,12,21,2714
7,12,22,2764
7,12,23,2378
7,13,0,1593
7,13,1,171
7,13,2,3
7,13,3,2
7,13,4,12
7,13,5,1948
7,13,6,6193
7,13,7,12377
7,13,8,15347
7,13,9,10295
7,13,10,6663
7,13,11,5947
7,13,12,5584
7,13,13,5199
7,13,14,6218
7,13,15,8054
7,13,16,11982
7,13,17,17724
7,13,18,13430
7,13,19,7542
7,13,20,4685
7,13,21,3045
7,13,22,2364
7,13,23,1578
7,14,0,755
7,14,1,143
7,14,2,7
7,14,3,1
7,14,4,15
7,14,5,1859
7,14,6,6150
7,14,7,12013
7,14,8,14624
7,14,9,10797
7,14,10,5999
7,14,11,5292
7,14,12,5133
7,14,13,5431
7,14,14,6158
7,14,15,7849
7,14,16,11851
7,14,17,17134
7,14,18,13451
7,14,19,7835
7,14,20,4482
7,14,21,3065
7,14,22,2998
7,14,23,2655
7,15,0,1172
7,15,1,164
7,15,2,9
7,15,3,3
7,15,4,17
7,15,5,1513
7,15,6,5280
7,15,7,9614
7,15,8,10848
7,15,9,7628
7,15,10,5663
7,15,11,5332
7,15,12,5279
7,15,13,5880
7,15,14,6623
7,15,15,7945
7,15,16,10683
7,15,17,13159
7,15,18,11559
7,15,19,7183
7,15,20,4311
7,15,21,3064
7,15,22,2580
7,15,23,2555
7,16,0,1458
7,16,1,319
7,16,2,16
7,16,3,0
7,16,4,1
7,16,5,15
7,16,6,808
7,16,7,2193
7,16,8,3344
7,16,9,3859
7,16,10,4692
7,16,11,5814
7,16,12,5834
7,16,13,6516
7,16,14,6225
7,16,15,6431
7,16,16,6278
7,16,17,6308
7,16,18,6211
7,16,19,5258
7,16,20,4514
7,16,21,3874
7,16,22,2807
7,16,23,2053
7,17,0,1312
7,17,1,377
7,17,2,14
7,17,3,0
7,17,4,0
7,17,5,0
7,17,6,8
7,17,7,416
7,17,8,2454
7,17,9,3000
7,17,10,4184
7,17,11,4741
7,17,12,5271
7,17,13,4712
7,17,14,4522
7,17,15,4393
7,17,16,4823
7,17,17,5576
7,17,18,4803
7,17,19,3774
7,17,20,2648
7,17,21,2246
7,17,22,1807
7,17,23,1397
7,18,0,514
7,18,1,132
7,18,2,20
7,18,3,2
7,18,4,26
7,18,5,1741
7,18,6,5492
7,18,7,10994
7,18,8,12774
7,18,9,8446
7,18,10,5240
7,18,11,4753
7,18,12,4830
7,18,13,4873
7,18,14,5430
7,18,15,6917
7,18,16,9461
7,18,17,12930
7,18,18,11284
7,18,19,6759
7,18,20,3592
7,18,21,2361
7,18,22,1645
7,18,23,1246
7,19,0,583
7,19,1,126
7,19,2,7
7,19,3,2
7,19,4,17
7,19,5,1783
7,19,6,5826
7,19,7,11534
7,19,8,15883
7,19,9,10156
7,19,10,6237
7,19,11,4931
7,19,12,4936
7,19,13,4934
7,19,14,5940
7,19,15,7516
7,19,16,11497
7,19,17,16964
7,19,18,13101
7,19,19,7571
7,19,20,4307
7,19,21,2678
7,19,22,2323
7,19,23,1519
7,20,0,1402
7,20,1,217
7,20,2,22
7,20,3,2
7,20,4,17
7,20,5,1756
7,20,6,6420
7,20,7,11774
7,20,8,15002
7,20,9,10912
7,20,10,6217
7,20,11,5347
7,20,12,4941
7,20,13,5219
7,20,14,6100
7,20,15,7822
7,20,16,11682
7,20,17,17184
7,20,18,13358
7,20,19,7391
7,20,20,4236
7,20,21,2989
7,20,22,2200
7,20,23,1637
7,21,0,783
7,21,1,214
7,21,2,12
7,21,3,5
7,21,4,21
7,21,5,1678
7,21,6,6139
7,21,7,11190
7,21,8,14617
7,21,9,10938
7,21,10,6498
7,21,11,5752
7,21,12,5639
7,21,13,5639
7,21,14,6015
7,21,15,8608
7,21,16,11714
7,21,17,17288
7,21,18,13406
7,21,19,8417
7,21,20,4743
7,21,21,3209
7,21,22,2593
7,21,23,2270
7,22,0,1055
7,22,1,176
7,22,2,14
7,22,3,1
7,22,4,16
7,22,5,1440
7,22,6,4105
7,22,7,8574
7,22,8,10579
7,22,9,7731
7,22,10,6059
7,22,11,5361
7,22,12,5288
7,22,13,5592
7,22,14,6296
7,22,15,7688
7,22,16,10374
7,22,17,12774
7,22,18,11029
7,22,19,7136
7,22,20,4536
7,22,21,3187
7,22,22,3270
7,22,23,1696
7,23,0,1635
7,23,1,281
7,23,2,54
7,23,3,1
7,23,4,2
7,23,5,12
7,23,6,859
7,23,7,2213
7,23,8,3223
7,23,9,4035
7,23,10,4338
7,23,11,5780
7,23,12,5675
7,23,13,5879
7,23,14,5925
7,23,15,5935
7,23,16,6392
7,23,17,7100
7,23,18,6393
7,23,19,5942
7,23,20,4026
7,23,21,3470
7,23,22,3135
7,23,23,2319
7,24,0,1966
7,24,1,269
7,24,2,23
7,24,3,0
7,24,4,0
7,24,5,4
7,24,6,15
7,24,7,386
7,24,8,2822
7,24,9,3328
7,24,10,4334
7,24,11,4954
7,24,12,5381
7,24,13,5231
7,24,14,4681
7,24,15,4652
7,24,16,5087
7,24,17,5413
7,24,18,4701
7,24,19,4122
7,24,20,2908
7,24,21,2146
7,24,22,1833
7,24,23,1255
7,25,0,576
7,25,1,139
7,25,2,14
7,25,3,1
7,25,4,9
7,25,5,1538
7,25,6,5373
7,25,7,10411
7,25,8,12924
7,25,9,8369
7,25,10,5303
7,25,11,4579
7,25,12,4653
7,25,13,4980
7,25,14,5306
7,25,15,7160
7,25,16,10113
7,25,17,14403
7,25,18,10970
7,25,19,6095
7,25,20,3553
7,25,21,2404
7,25,22,2117
7,25,23,1301
7,26,0,631
7,26,1,122
7,26,2,16
7,26,3,4
7,26,4,19
7,26,5,2003
7,26,6,6215
7,26,7,12525
7,26,8,15392
7,26,9,10184
7,26,10,6314
7,26,11,5036
7,26,12,5050
7,26,13,4935
7,26,14,5978
7,26,15,7966
7,26,16,12195
7,26,17,17900
7,26,18,14395
7,26,19,7734
7,26,20,4011
7,26,21,2833
7,26,22,3501
7,26,23,2415
7,27,0,792
7,27,1,164
7,27,2,17
7,27,3,2
7,27,4,20
7,27,5,1921
7,27,6,6177
7,27,7,11918
7,27,8,15640
7,27,9,10147
7,27,10,6342
7,27,11,5850
7,27,12,5611
7,27,13,5290
7,27,14,6073
7,27,15,8468
7,27,16,11881
7,27,17,17129
7,27,18,13019
7,27,19,7579
7,27,20,4485
7,27,21,3060
7,27,22,2331
7,27,23,1532
7,28,0,645
7,28,1,143
7,28,2,15
7,28,3,1
7,28,4,9
7,28,5,1861
7,28,6,5949
7,28,7,11369
7,28,8,14595
7,28,9,10457
7,28,10,6375
7,28,11,5413
7,28,12,5445
7,28,13,5281
7,28,14,6301
7,28,15,8303
7,28,16,11917
7,28,17,16981
7,28,18,13347
7,28,19,7861
7,28,20,4708
7,28,21,3022
7,28,22,3266
7,28,23,2466
7,29,0,860
7,29,1,194
7,29,2,15
7,29,3,1
7,29,4,9
7,29,5,1698
7,29,6,5003
7,29,7,9091
7,29,8,10423
7,29,9,7832
7,29,10,5776
7,29,11,5632
7,29,12,5458
7,29,13,5729
7,29,14,6700
7,29,15,8084
7,29,16,10644
7,29,17,13679
7,29,18,11158
7,29,19,7257
7,29,20,4522
7,29,21,3108
7,29,22,2702
7,29,23,2554
7,30,0,1918
7,30,1,404
7,30,2,70
7,30,3,0
7,30,4,0
7,30,5,17
7,30,6,826
7,30,7,2088
7,30,8,3251
7,30,9,3838
7,30,10,4448
7,30,11,5298
7,30,12,5341
7,30,13,5820
7,30,14,5705
7,30,15,6334
7,30,16,6208
7,30,17,6525
7,30,18,5767
7,30,19,4422
7,30,20,3417
7,30,21,3229
7,30,22,3391
7,30,23,2248
7,31,0,1103
7,31,1,309
7,31,2,23
7,31,3,0
7,31,4,0
7,31,5,2
7,31,6,7
7,31,7,333
7,31,8,2443
7,31,9,3190
7,31,10,3667
7,31,11,4263
7,31,12,4480
7,31,13,4678
7,31,14,4845
7,31,15,4784
7,31,16,4330
7,31,17,4518
7,31,18,4100
7,31,19,4050
7,31,20,3478
7,31,21,2299
7,31,22,1869
7,31,23,1081
8,1,0,540
8,1,1,125
8,1,2,16
8,1,3,1
8,1,4,12
8,1,5,1572
8,1,6,5552
8,1,7,10216
8,1,8,12718
8,1,9,8444
8,1,10,5562
8,1,11,4627
8,1,12,4685
8,1,13,4969
8,1,14,5494
8,1,15,7397
8,1,16,10341
8,1,17,14607
8,1,18,11316
8,1,19,5844
8,1,20,3612
8,1,21,2319
8,1,22,2737
8,1,23,1815
8,2,0,730
8,2,1,140
8,2,2,11
8,2,3,1
8,2,4,16
8,2,5,1896
8,2,6,6246
8,2,7,11872
8,2,8,16327
8,2,9,9850
8,2,10,6074
8,2,11,5296
8,2,12,5012
8,2,13,5278
8,2,14,5826
8,2,15,8004
8,2,16,11307
8,2,17,17650
8,2,18,13887
8,2,19,7512
8,2,20,4575
8,2,21,2860
8,2,22,2660
8,2,23,2412
8,3,0,1159
8,3,1,171
8,3,2,14
8,3,3,1
8,3,4,15
8,3,5,1775
8,3,6,6206
8,3,7,12157
8,3,8,14695
8,3,9,10552
8,3,10,6480
8,3,11,5295
8,3,12,5130
8,3,13,5093
8,3,14,6099
8,3,15,8325
8,3,16,11824
8,3,17,17600
8,3,18,14097
8,3,19,7605
8,3,20,4312
8,3,21,3065
8,3,22,3160
8,3,23,2635
8,4,0,900
8,4,1,298
8,4,2,13
8,4,3,0
8,4,4,12
8,4,5,1837
8,4,6,5937
8,4,7,11807
8,4,8,14620
8,4,9,10690
8,4,10,6701
8,4,11,6614
8,4,12,6046
8,4,13,5476
8,4,14,6157
8,4,15,8104
8,4,16,12606
8,4,17,16991
8,4,18,14411
8,4,19,7918
8,4,20,4888
8,4,21,3112
8,4,22,2552
8,4,23,2038
8,5,0,1135
8,5,1,173
8,5,2,16
8,5,3,3
8,5,4,16
8,5,5,1623
8,5,6,5015
8,5,7,9106
8,5,8,10609
8,5,9,7746
8,5,10,6204
8,5,11,5854
8,5,12,6360
8,5,13,6721
8,5,14,7164
8,5,15,8863
8,5,16,11003
8,5,17,13648
8,5,18,11501
8,5,19,7329
8,5,20,4714
8,5,21,3351
8,5,22,3016
8,5,23,3326
8,6,0,2745
8,6,1,379
8,6,2,38
8,6,3,1
8,6,4,0
8,6,5,20
8,6,6,746
8,6,7,2378
8,6,8,3279
8,6,9,4415
8,6,10,4864
8,6,11,5797
8,6,12,6271
8,6,13,6414
8,6,14,8242
8,6,15,8189
8,6,16,7849
8,6,17,6497
8,6,18,5993
8,6,19,6209
8,6,20,6345
8,6,21,3866
8,6,22,2646
8,6,23,2909
8,7,0,2072
8,7,1,476
8,7,2,26
8,7,3,0
8,7,4,0
8,7,5,3
8,7,6,8
8,7,7,368
8,7,8,2612
8,7,9,3143
8,7,10,4236
8,7,11,5358
8,7,12,7465
8,7,13,7145
8,7,14,5647
8,7,15,5106
8,7,16,5926
8,7,17,7227
8,7,18,5309
8,7,19,3789
8,7,20,2860
8,7,21,2308
8,7,22,2116
8,7,23,2194
8,8,0,1189
8,8,1,196
8,8,2,9
8,8,3,0
8,8,4,13
8,8,5,1512
8,8,6,5688
8,8,7,10816
8,8,8,12451
8,8,9,8347
8,8,10,5658
8,8,11,4801
8,8,12,4825
8,8,13,5041
8,8,14,5541
8,8,15,7173
8,8,16,10126
8,8,17,14349
8,8,18,11217
8,8,19,6111
8,8,20,3543
8,8,21,2889
8,8,22,2367
8,8,23,1257
8,9,0,575
8,9,1,135
8,9,2,4
8,9,3,0
8,9,4,20
8,9,5,1847
8,9,6,6189
8,9,7,12795
8,9,8,15548
8,9,9,10355
8,9,10,6326
8,9,11,5258
8,9,12,4948
8,9,13,5004
8,9,14,6099
8,9,15,7964
8,9,16,12068
8,9,17,17385
8,9,18,14910
8,9,19,7430
8,9,20,4476
8,9,21,2934
8,9,22,3238
8,9,23,2051
8,10,0,920
8,10,1,214
8,10,2,8
8,10,3,0
8,10,4,20
8,10,5,1978
8,10,6,6311
8,10,7,12404
8,10,8,14967
8,10,9,11114
8,10,10,6323
8,10,11,6142
8,10,12,5695
8,10,13,5284
8,10,14,6567
8,10,15,8193
8,10,16,12716
8,10,17,17418
8,10,18,13783
8,10,19,7561
8,10,20,4504
8,10,21,3092
8,10,22,2602
8,10,23,1724
8,11,0,947
8,11,1,169
8,11,2,18
8,11,3,1
8,11,4,16
8,11,5,1674
8,11,6,6312
8,11,7,11677
8,11,8,15098
8,11,9,10510
8,11,10,6759
8,11,11,5510
8,11,12,5405
8,11,13,5383
8,11,14,6395
8,11,15,8343
8,11,16,11874
8,11,17,17179
8,11,18,13485
8,11,19,8074
8,11,20,4798
8,11,21,2976
8,11,22,2619
8,11,23,2010
8,12,0,903
8,12,1,200
8,12,2,17
8,12,3,1
8,12,4,12
8,12,5,1552
8,12,6,5123
8,12,7,9457
8,12,8,10794
8,12,9,8294
8,12,10,5950
8,12,11,5557
8,12,12,5517
8,12,13,6018
8,12,14,6915
8,12,15,8467
8,12,16,11333
8,12,17,14199
8,12,18,11315
8,12,19,7327
8,12,20,4635
8,12,21,3406
8,12,22,3013
8,12,23,2583
8,13,0,1962
8,13,1,485
8,13,2,37
8,13,3,3
8,13,4,2
8,13,5,22
8,13,6,856
8,13,7,2186
8,13,8,3322
8,13,9,4094
8,13,10,4978
8,13,11,5874
8,13,12,5818
8,13,13,6323
8,13,14,6277
8,13,15,6823
8,13,16,6838
8,13,17,6650
8,13,18,6527
8,13,19,4865
8,13,20,4023
8,13,21,3481
8,13,22,3494
8,13,23,2199
8,14,0,1296
8,14,1,384
8,14,2,16
8,14,3,0
8,14,4,0
8,14,5,1
8,14,6,10
8,14,7,412
8,14,8,2515
8,14,9,3252
8,14,10,4102
8,14,11,5297
8,14,12,5545
8,14,13,5340
8,14,14,4850
8,14,15,4645
8,14,16,5065
8,14,17,5788
8,14,18,6078
8,14,19,3868
8,14,20,3119
8,14,21,2134
8,14,22,2071
8,14,23,2277
8,15,0,766
8,15,1,113
8,15,2,6
8,15,3,0
8,15,4,15
8,15,5,1750
8,15,6,5524
8,15,7,11522
8,15,8,13124
8,15,9,8832
8,15,10,5794
8,15,11,4896
8,15,12,4764
8,15,13,4958
8,15,14,5759
8,15,15,7711
8,15,16,11196
8,15,17,14458
8,15,18,11450
8,15,19,6216
8,15,20,3869
8,15,21,2507
8,15,22,2281
8,15,23,1564
8,16,0,673
8,16,1,113
8,16,2,20
8,16,3,1
8,16,4,16
8,16,5,2009
8,16,6,6544
8,16,7,12895
8,16,8,16602
8,16,9,11050
8,16,10,6238
8,16,11,5490
8,16,12,4929
8,16,13,5262
8,16,14,6177
8,16,15,8274
8,16,16,12249
8,16,17,17248
8,16,18,14826
8,16,19,8016
8,16,20,4546
8,16,21,3099
8,16,22,2761
8,16,23,1951
8,17,0,749
8,17,1,275
8,17,2,20
8,17,3,5
8,17,4,17
8,17,5,2027
8,17,6,5969
8,17,7,12885
8,17,8,16496
8,17,9,11471
8,17,10,6617
8,17,11,5431
8,17,12,5513
8,17,13,5524
8,17,14,6442
8,17,15,8992
8,17,16,11173
8,17,17,19569
8,17,18,14513
8,17,19,7356
8,17,20,4642
8,17,21,2843
8,17,22,2946
8,17,23,2305
8,18,0,880
8,18,1,119
8,18,2,30
8,18,3,2
8,18,4,16
8,18,5,1976
8,18,6,6063
8,18,7,12409
8,18,8,16174
8,18,9,12130
8,18,10,6967
8,18,11,6044
8,18,12,6097
8,18,13,5662
8,18,14,6422
8,18,15,8791
8,18,16,13660
8,18,17,18162
8,18,18,14383
8,18,19,8264
8,18,20,5047
8,18,21,3386
8,18,22,2630
8,18,23,1840
8,19,0,1037
8,19,1,163
8,19,2,40
8,19,3,3
8,19,4,10
8,19,5,1627
8,19,6,5301
8,19,7,9859
8,19,8,11972
8,19,9,7965
8,19,10,5698
8,19,11,5677
8,19,12,5664
8,19,13,6301
8,19,14,7061
8,19,15,8661
8,19,16,11655
8,19,17,15174
8,19,18,12611
8,19,19,7472
8,19,20,4734
8,19,21,3446
8,19,22,3473
8,19,23,3031
8,20,0,1686
8,20,1,245
8,20,2,37
8,20,3,1
8,20,4,0
8,20,5,18
8,20,6,895
8,20,7,2260
8,20,8,3624
8,20,9,4327
8,20,10,5150
8,20,11,5827
8,20,12,6403
8,20,13,6273
8,20,14,7164
8,20,15,7307
8,20,16,7007
8,20,17,7377
8,20,18,6792
8,20,19,5772
8,20,20,5078
8,20,21,2839
8,20,22,2663
8,20,23,2363
8,21,0,1137
8,21,1,253
8,21,2,29
8,21,3,1
8,21,4,0
8,21,5,0
8,21,6,18
8,21,7,424
8,21,8,2390
8,21,9,2993
8,21,10,3670
8,21,11,4405
8,21,12,5211
8,21,13,5005
8,21,14,4812
8,21,15,4510
8,21,16,5075
8,21,17,5755
8,21,18,5120
8,21,19,2850
8,21,20,3398
8,21,21,1689
8,21,22,2216
8,21,23,2087
8,22,0,567
8,22,1,136
8,22,2,4
8,22,3,1
8,22,4,11
8,22,5,1774
8,22,6,5804
8,22,7,11994
8,22,8,14344
8,22,9,9846
8,22,10,5896
8,22,11,5202
8,22,12,4975
8,22,13,5207
8,22,14,6204
8,22,15,7926
8,22,16,11734
8,22,17,15533
8,22,18,12235
8,22,19,6485
8,22,20,3802
8,22,21,2397
8,22,22,2240
8,22,23,1369
8,23,0,650
8,23,1,123
8,23,2,12
8,23,3,1
8,23,4,12
8,23,5,2079
8,23,6,6278
8,23,7,13436
8,23,8,18312
8,23,9,12070
8,23,10,6691
8,23,11,5423
8,23,12,5684
8,23,13,5680
8,23,14,6546
8,23,15,9106
8,23,16,13585
8,23,17,18575
8,23,18,14917
8,23,19,8456
8,23,20,4464
8,23,21,3137
8,23,22,2709
8,23,23,1857
8,24,0,1023
8,24,1,250
8,24,2,18
8,24,3,2
8,24,4,21
8,24,5,2015
8,24,6,6691
8,24,7,13686
8,24,8,17259
8,24,9,12371
8,24,10,7156
8,24,11,5994
8,24,12,6056
8,24,13,5387
8,24,14,7242
8,24,15,9466
8,24,16,13764
8,24,17,18055
8,24,18,14230
8,24,19,8371
8,24,20,4616
8,24,21,2920
8,24,22,2571
8,24,23,1933
8,25,0,873
8,25,1,161
8,25,2,8
8,25,3,0
8,25,4,13
8,25,5,1935
8,25,6,6178
8,25,7,12539
8,25,8,17898
8,25,9,11803
8,25,10,6793
8,25,11,5961
8,25,12,5450
8,25,13,5857
8,25,14,6673
8,25,15,9497
8,25,16,13588
8,25,17,18591
8,25,18,15039
8,25,19,8889
8,25,20,5042
8,25,21,3221
8,25,22,3351
8,25,23,2798
8,26,0,1045
8,26,1,129
8,26,2,26
8,26,3,3
8,26,4,20
8,26,5,1803
8,26,6,5345
8,26,7,10472
8,26,8,12362
8,26,9,8449
8,26,10,5980
8,26,11,5696
8,26,12,5523
8,26,13,5780
8,26,14,6687
8,26,15,8907
8,26,16,12063
8,26,17,14773
8,26,18,13068
8,26,19,7537
8,26,20,4687
8,26,21,3411
8,26,22,4192
8,26,23,2609
8,27,0,1174
8,27,1,352
8,27,2,59
8,27,3,1
8,27,4,2
8,27,5,10
8,27,6,898
8,27,7,2452
8,27,8,3569
8,27,9,4328
8,27,10,5152
8,27,11,5628
8,27,12,6152
8,27,13,6310
8,27,14,6076
8,27,15,6257
8,27,16,7255
8,27,17,8426
8,27,18,7603
8,27,19,5467
8,27,20,3801
8,27,21,3880
8,27,22,4108
8,27,23,2922
8,28,0,998
8,28,1,327
8,28,2,20
8,28,3,0
8,28,4,1
8,28,5,2
8,28,6,4
8,28,7,366
8,28,8,2358
8,28,9,2950
8,28,10,3369
8,28,11,4701
8,28,12,6000
8,28,13,5710
8,28,14,4352
8,28,15,4506
8,28,16,5003
8,28,17,6825
8,28,18,4886
8,28,19,3736
8,28,20,3094
8,28,21,2070
8,28,22,1648
8,28,23,1188
8,29,0,461
8,29,1,106
8,29,2,7
8,29,3,0
8,29,4,16
8,29,5,1796
8,29,6,5860
8,29,7,11952
8,29,8,15122
8,29,9,10035
8,29,10,5903
8,29,11,5127
8,29,12,5036
8,29,13,5367
8,29,14,5996
8,29,15,8181
8,29,16,12246
8,29,17,15693
8,29,18,11220
8,29,19,7376
8,29,20,3803
8,29,21,2348
8,29,22,1903
8,29,23,1636
8,30,0,1160
8,30,1,206
8,30,2,18
8,30,3,2
8,30,4,20
8,30,5,2116
8,30,6,6666
8,30,7,13815
8,30,8,18663
8,30,9,12137
8,30,10,6985
8,30,11,4428
8,30,12,4009
8,30,13,6728
8,30,14,6447
8,30,15,9190
8,30,16,13138
8,30,17,19319
8,30,18,14895
8,30,19,7974
8,30,20,4347
8,30,21,2695
8,30,22,2641
8,30,23,2315
8,31,0,743
8,31,1,219
8,31,2,20
8,31,3,2
8,31,4,20
8,31,5,2065
8,31,6,6535
8,31,7,13911
8,31,8,17739
8,31,9,12243
8,31,10,7302
8,31,11,6202
8,31,12,5935
8,31,13,5831
8,31,14,6651
8,31,15,9347
8,31,16,14328
8,31,17,19161
8,31,18,15102
8,31,19,8888
8,31,20,4789
8,31,21,2712
8,31,22,2537
8,31,23,2789
9,1,0,1699
9,1,1,194
9,1,2,28
9,1,3,3
9,1,4,23
9,1,5,1928
9,1,6,6361
9,1,7,13169
9,1,8,17262
9,1,9,12004
9,1,10,6869
9,1,11,5868
9,1,12,5843
9,1,13,6048
9,1,14,6782
9,1,15,9513
9,1,16,13392
9,1,17,18186
9,1,18,14667
9,1,19,9397
9,1,20,5276
9,1,21,3394
9,1,22,2571
9,1,23,3312
9,2,0,1785
9,2,1,227
9,2,2,21
9,2,3,1
9,2,4,13
9,2,5,1475
9,2,6,5303
9,2,7,10308
9,2,8,11726
9,2,9,8129
9,2,10,6253
9,2,11,5775
9,2,12,5935
9,2,13,6646
9,2,14,7690
9,2,15,9529
9,2,16,12337
9,2,17,14534
9,2,18,12002
9,2,19,7955
9,2,20,4715
9,2,21,3562
9,2,22,2951
9,2,23,3601
9,3,0,1684
9,3,1,327
9,3,2,21
9,3,3,3
9,3,4,0
9,3,5,10
9,3,6,870
9,3,7,2299
9,3,8,3791
9,3,9,4442
9,3,10,6032
9,3,11,7223
9,3,12,7638
9,3,13,6225
9,3,14,6401
9,3,15,6270
9,3,16,6908
9,3,17,7909
9,3,18,7040
9,3,19,5833
9,3,20,4179
9,3,21,3293
9,3,22,2709
9,3,23,2109
9,4,0,1219
9,4,1,323
9,4,2,16
9,4,3,0
9,4,4,2
9,4,5,2
9,4,6,8
9,4,7,440
9,4,8,2659
9,4,9,3796
9,4,10,5075
9,4,11,6116
9,4,12,6990
9,4,13,6395
9,4,14,5642
9,4,15,5485
9,4,16,6067
9,4,17,6658
9,4,18,6450
9,4,19,4803
9,4,20,3544
9,4,21,2967
9,4,22,2205
9,4,23,1622
9,5,0,1219
9,5,1,231
9,5,2,13
9,5,3,0
9,5,4,1
9,5,5,3
9,5,6,9
9,5,7,618
9,5,8,3167
9,5,9,3469
9,5,10,4173
9,5,11,4612
9,5,12,4452
9,5,13,4896
9,5,14,4567
9,5,15,4361
9,5,16,4129
9,5,17,5048
9,5,18,4951
9,5,19,4055
9,5,20,3218
9,5,21,2592
9,5,22,1711
9,5,23,1379
9,6,0,660
9,6,1,166
9,6,2,16
9,6,3,1
9,6,4,24
9,6,5,1969
9,6,6,6303
9,6,7,14108
9,6,8,17468
9,6,9,12515
9,6,10,7211
9,6,11,5395
9,6,12,5186
9,6,13,5568
9,6,14,6020
9,6,15,8407
9,6,16,12012
9,6,17,18077
9,6,18,14414
9,6,19,7721
9,6,20,4991
9,6,21,2337
9,6,22,3264
9,6,23,1685
9,7,0,770
9,7,1,191
9,7,2,24
9,7,3,2
9,7,4,23
9,7,5,1613
9,7,6,6649
9,7,7,14308
9,7,8,18900
9,7,9,12213
9,7,10,7176
9,7,11,6003
9,7,12,6346
9,7,13,5882
9,7,14,6989
9,7,15,9741
9,7,16,14149
9,7,17,19512
9,7,18,15194
9,7,19,7859
9,7,20,4937
9,7,21,3118
9,7,22,2723
9,7,23,2392
9,8,0,1743
9,8,1,256
9,8,2,23
9,8,3,3
9,8,4,15
9,8,5,2030
9,8,6,5048
9,8,7,14216
9,8,8,18806
9,8,9,12771
9,8,10,7215
9,8,11,5809
9,8,12,5887
9,8,13,5823
9,8,14,6692
9,8,15,9143
9,8,16,14114
9,8,17,18933
9,8,18,16113
9,8,19,9544
9,8,20,5298
9,8,21,3507
9,8,22,3442
9,8,23,2733
9,9,0,2050
9,9,1,470
9,9,2,22
9,9,3,5
9,9,4,21
9,9,5,1721
9,9,6,5929
9,9,7,10923
9,9,8,13702
9,9,9,8828
9,9,10,6420
9,9,11,5664
9,9,12,5611
9,9,13,6530
9,9,14,7153
9,9,15,9396
9,9,16,12783
9,9,17,15393
9,9,18,13322
9,9,19,8115
9,9,20,5109
9,9,21,3591
9,9,22,3748
9,9,23,2682
9,10,0,1623
9,10,1,350
9,10,2,29
9,10,3,0
9,10,4,0
9,10,5,11
9,10,6,1055
9,10,7,2655
9,10,8,3939
9,10,9,4901
9,10,10,5856
9,10,11,7320
9,10,12,7439
9,10,13,7427
9,10,14,6926
9,10,15,6645
9,10,16,8150
9,10,17,8913
9,10,18,7520
9,10,19,5694
9,10,20,3896
9,10,21,3394
9,10,22,2680
9,10,23,2437
9,11,0,1157
9,11,1,415
9,11,2,19
9,11,3,0
9,11,4,0
9,11,5,3
9,11,6,7
9,11,7,413
9,11,8,2764
9,11,9,3478
9,11,10,4233
9,11,11,4887
9,11,12,5604
9,11,13,5168
9,11,14,4745
9,11,15,4985
9,11,16,5666
9,11,17,6517
9,11,18,5077
9,11,19,3951
9,11,20,2712
9,11,21,2352
9,11,22,2036
9,11,23,1810
9,12,0,615
9,12,1,137
9,12,2,18
9,12,3,2
9,12,4,20
9,12,5,1859
9,12,6,5917
9,12,7,12662
9,12,8,16130
9,12,9,10698
9,12,10,6495
9,12,11,5242
9,12,12,5614
9,12,13,5696
9,12,14,6266
9,12,15,8825
9,12,16,12646
9,12,17,16935
9,12,18,13073
9,12,19,7182
9,12,20,3839
9,12,21,2656
9,12,22,2650
9,12,23,1781
9,13,0,748
9,13,1,171
9,13,2,10
9,13,3,0
9,13,4,34
9,13,5,1985
9,13,6,7025
9,13,7,14863
9,13,8,19173
9,13,9,14335
9,13,10,7699
9,13,11,5873
9,13,12,5739
9,13,13,5875
9,13,14,6961
9,13,15,9803
9,13,16,14859
9,13,17,20539
9,13,18,16548
9,13,19,8449
9,13,20,5026
9,13,21,2942
9,13,22,3654
9,13,23,2497
9,14,0,829
9,14,1,157
9,14,2,15
9,14,3,4
9,14,4,24
9,14,5,2002
9,14,6,7080
9,14,7,13869
9,14,8,20794
9,14,9,13196
9,14,10,7758
9,14,11,6674
9,14,12,6558
9,14,13,6094
9,14,14,7049
9,14,15,10330
9,14,16,15611
9,14,17,21430
9,14,18,18214
9,14,19,10690
9,14,20,5589
9,14,21,3097
9,14,22,2972
9,14,23,2300
9,15,0,3130
9,15,1,1875
9,15,2,266
9,15,3,1
9,15,4,27
9,15,5,2183
9,15,6,6657
9,15,7,13695
9,15,8,19399
9,15,9,12622
9,15,10,7781
9,15,11,6133
9,15,12,6086
9,15,13,6201
9,15,14,7291
9,15,15,9689
9,15,16,14868
9,15,17,20755
9,15,18,15627
9,15,19,9260
9,15,20,5379
9,15,21,3547
9,15,22,3467
9,15,23,2736
9,16,0,1000
9,16,1,211
9,16,2,16
9,16,3,0
9,16,4,20
9,16,5,1910
9,16,6,5768
9,16,7,11398
9,16,8,13503
9,16,9,8970
9,16,10,6541
9,16,11,5920
9,16,12,5984
9,16,13,6463
9,16,14,7646
9,16,15,9777
9,16,16,9080
9,16,17,12544
9,16,18,16963
9,16,19,9745
9,16,20,6220
9,16,21,3569
9,16,22,3558
9,16,23,3884
9,17,0,1954
9,17,1,431
9,17,2,21
9,17,3,0
9,17,4,0
9,17,5,31
9,17,6,1130
9,17,7,2860
9,17,8,3852
9,17,9,4588
9,17,10,5619
9,17,11,6291
9,17,12,6876
9,17,13,7099
9,17,14,7305
9,17,15,7583
9,17,16,8210
9,17,17,8950
9,17,18,7609
9,17,19,5891
9,17,20,4064
9,17,21,3483
9,17,22,3937
9,17,23,2606
9,18,0,1503
9,18,1,362
9,18,2,35
9,18,3,0
9,18,4,0
9,18,5,2
9,18,6,8
9,18,7,352
9,18,8,2310
9,18,9,3212
9,18,10,3227
9,18,11,3860
9,18,12,2948
9,18,13,3737
9,18,14,4864
9,18,15,4160
9,18,16,4244
9,18,17,4925
9,18,18,4700
9,18,19,3695
9,18,20,2814
9,18,21,2435
9,18,22,2215
9,18,23,1531
9,19,0,931
9,19,1,152
9,19,2,29
9,19,3,0
9,19,4,46
9,19,5,1956
9,19,6,5821
9,19,7,12187
9,19,8,16802
9,19,9,10648
9,19,10,6467
9,19,11,5534
9,19,12,5822
9,19,13,5744
9,19,14,6548
9,19,15,8767
9,19,16,12802
9,19,17,17146
9,19,18,12852
9,19,19,7025
9,19,20,4387
9,19,21,2727
9,19,22,2457
9,19,23,1609
9,20,0,726
9,20,1,195
9,20,2,10
9,20,3,0
9,20,4,42
9,20,5,2375
9,20,6,6980
9,20,7,15723
9,20,8,20245
9,20,9,14243
9,20,10,7920
9,20,11,5983
9,20,12,5831
9,20,13,5767
9,20,14,7122
9,20,15,9728
9,20,16,14981
9,20,17,21012
9,20,18,16226
9,20,19,9025
9,20,20,5135
9,20,21,3491
9,20,22,3679
9,20,23,2037
9,21,0,864
9,21,1,200
9,21,2,10
9,21,3,2
9,21,4,30
9,21,5,2055
9,21,6,6619
9,21,7,14322
9,21,8,19750
9,21,9,14704
9,21,10,8087
9,21,11,6294
9,21,12,6332
9,21,13,6537
9,21,14,7472
9,21,15,9946
9,21,16,15335
9,21,17,21101
9,21,18,16449
9,21,19,9510
9,21,20,5232
9,21,21,3440
9,21,22,3902
9,21,23,2509
9,22,0,1300
9,22,1,296
9,22,2,35
9,22,3,3
9,22,4,29
9,22,5,2084
9,22,6,7089
9,22,7,13862
9,22,8,20424
9,22,9,13394
9,22,10,8231
9,22,11,6834
9,22,12,6380
9,22,13,6428
9,22,14,7694
9,22,15,10490
9,22,16,15601
9,22,17,20451
9,22,18,16430
9,22,19,9469
9,22,20,5619
9,22,21,3579
9,22,22,3382
9,22,23,2973
9,23,0,1241
9,23,1,242
9,23,2,22
9,23,3,3
9,23,4,31
9,23,5,1674
9,23,6,5752
9,23,7,7378
9,23,8,11275
9,23,9,11055
9,23,10,7917
9,23,11,6125
9,23,12,5350
9,23,13,6748
9,23,14,6651
9,23,15,8818
9,23,16,11404
9,23,17,13046
9,23,18,13796
9,23,19,9051
9,23,20,4773
9,23,21,3514
9,23,22,4071
9,23,23,2923
9,24,0,2151
9,24,1,535
9,24,2,32
9,24,3,1
9,24,4,0
9,24,5,22
9,24,6,967
9,24,7,2623
9,24,8,3807
9,24,9,4666
9,24,10,5468
9,24,11,6673
9,24,12,8396
9,24,13,7585
9,24,14,7077
9,24,15,6706
9,24,16,8564
9,24,17,8337
9,24,18,7850
9,24,19,6312
9,24,20,4520
9,24,21,3192
9,24,22,3230
9,24,23,3098
9,25,0,2231
9,25,1,721
9,25,2,25
9,25,3,0
9,25,4,0
9,25,5,2
9,25,6,2
9,25,7,442
9,25,8,2446
9,25,9,3351
9,25,10,4307
9,25,11,5383
9,25,12,6748
9,25,13,6509
9,25,14,6226
9,25,15,5777
9,25,16,6800
9,25,17,6693
9,25,18,6231
9,25,19,4460
9,25,20,2948
9,25,21,2502
9,25,22,2209
9,25,23,1681
9,26,0,1023
9,26,1,188
9,26,2,14
9,26,3,1
9,26,4,29
9,26,5,1903
9,26,6,6126
9,26,7,12098
9,26,8,15864
9,26,9,10690
9,26,10,6438
9,26,11,5703
9,26,12,5148
9,26,13,6202
9,26,14,6572
9,26,15,8836
9,26,16,12454
9,26,17,16849
9,26,18,13096
9,26,19,7089
9,26,20,3767
9,26,21,2492
9,26,22,1940
9,26,23,1640
9,27,0,773
9,27,1,239
9,27,2,6
9,27,3,0
9,27,4,32
9,27,5,2025
9,27,6,6996
9,27,7,14659
9,27,8,19979
9,27,9,13668
9,27,10,7333
9,27,11,5806
9,27,12,5754
9,27,13,6093
9,27,14,7143
9,27,15,9915
9,27,16,14738
9,27,17,20940
9,27,18,16192
9,27,19,8767
9,27,20,4822
9,27,21,3092
9,27,22,3203
9,27,23,2452
9,28,0,1131
9,28,1,248
9,28,2,45
9,28,3,3
9,28,4,25
9,28,5,2012
9,28,6,6724
9,28,7,15049
9,28,8,19830
9,28,9,13027
9,28,10,7834
9,28,11,6423
9,28,12,6478
9,28,13,6428
9,28,14,7574
9,28,15,10033
9,28,16,14949
9,28,17,20699
9,28,18,16030
9,28,19,8768
9,28,20,4838
9,28,21,3346
9,28,22,3150
9,28,23,2714
9,29,0,891
9,29,1,257
9,29,2,14
9,29,3,6
9,29,4,56
9,29,5,2000
9,29,6,6913
9,29,7,13706
9,29,8,19347
9,29,9,13209
9,29,10,7504
9,29,11,6268
9,29,12,6051
9,29,13,6202
9,29,14,7282
9,29,15,10111
9,29,16,14834
9,29,17,20180
9,29,18,15710
9,29,19,8993
9,29,20,4875
9,29,21,3449
9,29,22,3669
9,29,23,3141
9,30,0,1077
9,30,1,217
9,30,2,2
9,30,3,6
9,30,4,41
9,30,5,1609
9,30,6,5792
9,30,7,10675
9,30,8,13759
9,30,9,9418
9,30,10,6279
9,30,11,6264
9,30,12,6403
9,30,13,6595
9,30,14,7572
9,30,15,9713
9,30,16,13245
9,30,17,16454
9,30,18,14087
9,30,19,9486
9,30,20,5510
9,30,21,3432
9,30,22,3544
9,30,23,4847
10,1,0,2313
10,1,1,400
10,1,2,23
10,1,3,0
10,1,4,1
10,1,5,37
10,1,6,1018
10,1,7,2518
10,1,8,3686
10,1,9,4746
10,1,10,5586
10,1,11,6413
10,1,12,8338
10,1,13,6844
10,1,14,6899
10,1,15,7241
10,1,16,7518
10,1,17,8694
10,1,18,7867
10,1,19,6392
10,1,20,4645
10,1,21,3622
10,1,22,2869
10,1,23,3679
10,2,0,2115
10,2,1,382
10,2,2,33
10,2,3,0
10,2,4,0
10,2,5,0
10,2,6,10
10,2,7,369
10,2,8,2547
10,2,9,3596
10,2,10,4559
10,2,11,5772
10,2,12,6139
10,2,13,5832
10,2,14,5196
10,2,15,4924
10,2,16,5802
10,2,17,6144
10,2,18,6318
10,2,19,4436
10,2,20,3565
10,2,21,2570
10,2,22,1860
10,2,23,1664
10,3,0,626
10,3,1,117
10,3,2,1
10,3,3,8
10,3,4,55
10,3,5,1552
10,3,6,6211
10,3,7,12457
10,3,8,16290
10,3,9,10707
10,3,10,6574
10,3,11,5630
10,3,12,5498
10,3,13,5811
10,3,14,6361
10,3,15,9062
10,3,16,13068
10,3,17,16951
10,3,18,13004
10,3,19,6870
10,3,20,3881
10,3,21,2753
10,3,22,2512
10,3,23,1822
10,4,0,627
10,4,1,132
10,4,2,28
10,4,3,1
10,4,4,25
10,4,5,1962
10,4,6,6520
10,4,7,14472
10,4,8,20254
10,4,9,13673
10,4,10,7340
10,4,11,5822
10,4,12,5576
10,4,13,5817
10,4,14,6890
10,4,15,9638
10,4,16,14523
10,4,17,20283
10,4,18,16671
10,4,19,8858
10,4,20,4570
10,4,21,2909
10,4,22,3125
10,4,23,2513
10,5,0,994
10,5,1,194
10,5,2,31
10,5,3,3
10,5,4,26
10,5,5,1744
10,5,6,7016
10,5,7,14346
10,5,8,19443
10,5,9,12362
10,5,10,7582
10,5,11,6525
10,5,12,7421
10,5,13,6159
10,5,14,7149
10,5,15,9757
10,5,16,16032
10,5,17,19524
10,5,18,16632
10,5,19,8909
10,5,20,4774
10,5,21,2698
10,5,22,2562
10,5,23,2701
10,6,0,2006
10,6,1,219
10,6,2,10
10,6,3,0
10,6,4,29
10,6,5,2126
10,6,6,6385
10,6,7,13569
10,6,8,18918
10,6,9,12757
10,6,10,7705
10,6,11,6039
10,6,12,6433
10,6,13,6004
10,6,14,7288
10,6,15,9560
10,6,16,14552
10,6,17,19704
10,6,18,15834
10,6,19,9148
10,6,20,5127
10,6,21,3318
10,6,22,2926
10,6,23,2840
10,7,0,1201
10,7,1,216
10,7,2,16
10,7,3,0
10,7,4,21
10,7,5,1794
10,7,6,5450
10,7,7,10182
10,7,8,13639
10,7,9,9263
10,7,10,6606
10,7,11,6300
10,7,12,6720
10,7,13,6707
10,7,14,7643
10,7,15,9366
10,7,16,13048
10,7,17,16664
10,7,18,14060
10,7,19,8719
10,7,20,5199
10,7,21,3266
10,7,22,3312
10,7,23,3096
10,8,0,1834
10,8,1,485
10,8,2,33
10,8,3,0
10,8,4,0
10,8,5,55
10,8,6,1039
10,8,7,2673
10,8,8,3912
10,8,9,4995
10,8,10,6080
10,8,11,7653
10,8,12,9070
10,8,13,8362
10,8,14,7712
10,8,15,7062
10,8,16,8661
10,8,17,10464
10,8,18,9693
10,8,19,6972
10,8,20,4673
10,8,21,3634
10,8,22,3403
10,8,23,2836
10,9,0,1558
10,9,1,457
10,9,2,29
10,9,3,0
10,9,4,0
10,9,5,2
10,9,6,6
10,9,7,394
10,9,8,2577
10,9,9,3867
10,9,10,4812
10,9,11,6494
10,9,12,7631
10,9,13,6549
10,9,14,6533
10,9,15,5513
10,9,16,7101
10,9,17,7922
10,9,18,7185
10,9,19,4580
10,9,20,3514
10,9,21,2934
10,9,22,1883
10,9,23,1258
10,10,0,610
10,10,1,172
10,10,2,10
10,10,3,3
10,10,4,32
10,10,5,1543
10,10,6,4753
10,10,7,9090
10,10,8,11817
10,10,9,8064
10,10,10,5705
10,10,11,5278
10,10,12,5045
10,10,13,5630
10,10,14,6125
10,10,15,7687
10,10,16,10331
10,10,17,13087
10,10,18,10413
10,10,19,6209
10,10,20,3619
10,10,21,2209
10,10,22,1874
10,10,23,1621
10,11,0,820
10,11,1,191
10,11,2,33
10,11,3,4
10,11,4,42
10,11,5,2228
10,11,6,6811
10,11,7,13972
10,11,8,20295
10,11,9,13875
10,11,10,7115
10,11,11,5713
10,11,12,5692
10,11,13,5858
10,11,14,7097
10,11,15,9714
10,11,16,14957
10,11,17,20506
10,11,18,15732
10,11,19,8166
10,11,20,4372
10,11,21,2808
10,11,22,3109
10,11,23,2132
10,12,0,826
10,12,1,196
10,12,2,31
10,12,3,3
10,12,4,30
10,12,5,2060
10,12,6,6995
10,12,7,14327
10,12,8,19180
10,12,9,13518
10,12,10,7203
10,12,11,6119
10,12,12,5911
10,12,13,6124
10,12,14,7091
10,12,15,9784
10,12,16,15196
10,12,17,20804
10,12,18,15432
10,12,19,8121
10,12,20,4685
10,12,21,2996
10,12,22,2759
10,12,23,2315
10,13,0,1006
10,13,1,248
10,13,2,29
10,13,3,0
10,13,4,21
10,13,5,2074
10,13,6,6531
10,13,7,13816
10,13,8,18540
10,13,9,13146
10,13,10,7245
10,13,11,5834
10,13,12,5836
10,13,13,5894
10,13,14,6824
10,13,15,9807
10,13,16,14289
10,13,17,19825
10,13,18,16490
10,13,19,8744
10,13,20,5064
10,13,21,3174
10,13,22,2995
10,13,23,2494
10,14,0,1129
10,14,1,264
10,14,2,31
10,14,3,5
10,14,4,28
10,14,5,1714
10,14,6,5766
10,14,7,10641
10,14,8,13062
10,14,9,8857
10,14,10,6231
10,14,11,5631
10,14,12,6040
10,14,13,6177
10,14,14,7497
10,14,15,9561
10,14,16,12805
10,14,17,16376
10,14,18,12997
10,14,19,8590
10,14,20,4939
10,14,21,2996
10,14,22,3412
10,14,23,3437
10,15,0,1882
10,15,1,510
10,15,2,28
10,15,3,0
10,15,4,0
10,15,5,41
10,15,6,969
10,15,7,2520
10,15,8,3718
10,15,9,4205
10,15,10,5098
10,15,11,5869
10,15,12,6160
10,15,13,6612
10,15,14,6500
10,15,15,6710
10,15,16,6716
10,15,17,7423
10,15,18,7176
10,15,19,5812
10,15,20,3961
10,15,21,3140
10,15,22,2607
10,15,23,2383
10,16,0,1508
10,16,1,375
10,16,2,18
10,16,3,0
10,16,4,1
10,16,5,0
10,16,6,1
10,16,7,386
10,16,8,2335
10,16,9,3375
10,16,10,3769
10,16,11,4574
10,16,12,4694
10,16,13,4690
10,16,14,4523
10,16,15,4708
10,16,16,5232
10,16,17,5077
10,16,18,4428
10,16,19,4096
10,16,20,2437
10,16,21,2195
10,16,22,1801
10,16,23,1191
10,17,0,616
10,17,1,124
10,17,2,8
10,17,3,2
10,17,4,29
10,17,5,1887
10,17,6,5965
10,17,7,12156
10,17,8,15891
10,17,9,10875
10,17,10,6514
10,17,11,4926
10,17,12,5779
10,17,13,5817
10,17,14,6373
10,17,15,8537
10,17,16,12572
10,17,17,16375
10,17,18,12790
10,17,19,6563
10,17,20,3648
10,17,21,2358
10,17,22,2030
10,17,23,1521
10,18,0,698
10,18,1,188
10,18,2,8
10,18,3,5
10,18,4,40
10,18,5,2066
10,18,6,6906
10,18,7,14221
10,18,8,20543
10,18,9,13767
10,18,10,7545
10,18,11,5838
10,18,12,5741
10,18,13,6069
10,18,14,6749
10,18,15,9739
10,18,16,14498
10,18,17,19690
10,18,18,17819
10,18,19,8656
10,18,20,4710
10,18,21,2985
10,18,22,3102
10,18,23,3072
10,19,0,1087
10,19,1,175
10,19,2,20
10,19,3,0
10,19,4,27
10,19,5,2213
10,19,6,6864
10,19,7,14561
10,19,8,20058
10,19,9,13373
10,19,10,7449
10,19,11,5966
10,19,12,5988
10,19,13,6044
10,19,14,7281
10,19,15,9659
10,19,16,14759
10,19,17,20309
10,19,18,16146
10,19,19,8573
10,19,20,4717
10,19,21,3234
10,19,22,2701
10,19,23,2169
10,20,0,1392
10,20,1,262
10,20,2,20
10,20,3,6
10,20,4,36
10,20,5,1900
10,20,6,6530
10,20,7,13841
10,20,8,19365
10,20,9,13214
10,20,10,7743
10,20,11,6121
10,20,12,5930
10,20,13,6280
10,20,14,7337
10,20,15,9549
10,20,16,14983
10,20,17,20309
10,20,18,16235
10,20,19,8928
10,20,20,5062
10,20,21,3278
10,20,22,2966
10,20,23,2402
10,21,0,1043
10,21,1,202
10,21,2,21
10,21,3,3
10,21,4,23
10,21,5,1761
10,21,6,5658
10,21,7,10590
10,21,8,13195
10,21,9,8729
10,21,10,6989
10,21,11,5815
10,21,12,5891
10,21,13,6448
10,21,14,7898
10,21,15,9676
10,21,16,12718
10,21,17,16154
10,21,18,13399
10,21,19,7616
10,21,20,4936
10,21,21,3070
10,21,22,3652
10,21,23,3037
10,22,0,2135
10,22,1,609
10,22,2,18
10,22,3,3
10,22,4,2
10,22,5,46
10,22,6,1021
10,22,7,2543
10,22,8,2895
10,22,9,4797
10,22,10,4867
10,22,11,6830
10,22,12,6232
10,22,13,6125
10,22,14,6707
10,22,15,6638
10,22,16,7451
10,22,17,7683
10,22,18,7173
10,22,19,5654
10,22,20,3509
10,22,21,2971
10,22,22,3032
10,22,23,2686
10,23,0,1701
10,23,1,308
10,23,2,19
10,23,3,0
10,23,4,1
10,23,5,0
10,23,6,7
10,23,7,306
10,23,8,2525
10,23,9,3388
10,23,10,4346
10,23,11,4802
10,23,12,5289
10,23,13,5038
10,23,14,4760
10,23,15,4954
10,23,16,5354
10,23,17,5866
10,23,18,5326
10,23,19,4316
10,23,20,3401
10,23,21,2619
10,23,22,1941
10,23,23,1946
10,24,0,642
10,24,1,107
10,24,2,8
10,24,3,0
10,24,4,25
10,24,5,1925
10,24,6,5876
10,24,7,12112
10,24,8,14981
10,24,9,10670
10,24,10,6286
10,24,11,5256
10,24,12,5333
10,24,13,5579
10,24,14,6056
10,24,15,8592
10,24,16,12571
10,24,17,16396
10,24,18,11954
10,24,19,6750
10,24,20,3484
10,24,21,2363
10,24,22,2207
10,24,23,1422
10,25,0,785
10,25,1,183
10,25,2,13
10,25,3,0
10,25,4,25
10,25,5,2214
10,25,6,6858
10,25,7,14074
10,25,8,20321
10,25,9,13298
10,25,10,7421
10,25,11,4806
10,25,12,6076
10,25,13,5789
10,25,14,6733
10,25,15,9307
10,25,16,14497
10,25,17,20989
10,25,18,15975
10,25,19,8242
10,25,20,4252
10,25,21,2780
10,25,22,2523
10,25,23,2317
10,26,0,980
10,26,1,178
10,26,2,11
10,26,3,6
10,26,4,25
10,26,5,2308
10,26,6,6735
10,26,7,14208
10,26,8,18831
10,26,9,13603
10,26,10,7404
10,26,11,6140
10,26,12,5804
10,26,13,6107
10,26,14,7179
10,26,15,9835
10,26,16,14708
10,26,17,20158
10,26,18,15723
10,26,19,8424
10,26,20,4506
10,26,21,2898
10,26,22,2742
10,26,23,2465
10,27,0,923
10,27,1,179
10,27,2,14
10,27,3,2
10,27,4,25
10,27,5,2022
10,27,6,6517
10,27,7,13464
10,27,8,19345
10,27,9,13005
10,27,10,7808
10,27,11,6000
10,27,12,6003
10,27,13,6291
10,27,14,6968
10,27,15,9942
10,27,16,14354
10,27,17,19723
10,27,18,15953
10,27,19,9151
10,27,20,4940
10,27,21,3116
10,27,22,3341
10,27,23,2378
10,28,0,1136
10,28,1,199
10,28,2,16
10,28,3,0
10,28,4,20
10,28,5,1753
10,28,6,5510
10,28,7,10163
10,28,8,12911
10,28,9,9592
10,28,10,6611
10,28,11,6058
10,28,12,6014
10,28,13,6067
10,28,14,7659
10,28,15,9140
10,28,16,12316
10,28,17,15431
10,28,18,12814
10,28,19,7952
10,28,20,4671
10,28,21,2571
10,28,22,2812
10,28,23,2934
10,29,0,1505
10,29,1,566
10,29,2,27
10,29,3,4
10,29,4,5
10,29,5,36
10,29,6,991
10,29,7,2290
10,29,8,3212
10,29,9,4263
10,29,10,5555
10,29,11,7363
10,29,12,6657
10,29,13,6075
10,29,14,6710
10,29,15,6960
10,29,16,7585
10,29,17,7856
10,29,18,6840
10,29,19,5327
10,29,20,3730
10,29,21,3167
10,29,22,4219
10,29,23,3805
10,30,0,1708
10,30,1,492
10,30,2,72
10,30,3,2
10,30,4,0
10,30,5,1
10,30,6,6
10,30,7,384
10,30,8,2319
10,30,9,3129
10,30,10,3755
10,30,11,4557
10,30,12,5629
10,30,13,5566
10,30,14,5274
10,30,15,5328
10,30,16,5510
10,30,17,5865
10,30,18,5195
10,30,19,3494
10,30,20,2501
10,30,21,1827
10,30,22,1555
10,30,23,1100
10,31,0,656
10,31,1,170
10,31,2,13
10,31,3,57
10,31,4,34
10,31,5,1891
10,31,6,5701
10,31,7,11594
10,31,8,15042
10,31,9,9582
10,31,10,5880
10,31,11,4760
10,31,12,5246
10,31,13,5198
10,31,14,6130
10,31,15,8539
10,31,16,12674
10,31,17,15439
10,31,18,11591
10,31,19,5673
10,31,20,3292
10,31,21,2230
10,31,22,2008
10,31,23,1427
11,1,0,758
11,1,1,187
11,1,2,17
11,1,3,2
11,1,4,33
11,1,5,2069
11,1,6,6145
11,1,7,13620
11,1,8,18721
11,1,9,13581
11,1,10,7063
11,1,11,4981
11,1,12,4467
11,1,13,4984
11,1,14,5771
11,1,15,8695
11,1,16,13720
11,1,17,19328
11,1,18,15512
11,1,19,7579
11,1,20,3865
11,1,21,2609
11,1,22,2338
11,1,23,2111
11,2,0,644
11,2,1,173
11,2,2,25
11,2,3,8
11,2,4,37
11,2,5,2228
11,2,6,6682
11,2,7,14001
11,2,8,19173
11,2,9,13034
11,2,10,7542
11,2,11,5813
11,2,12,5902
11,2,13,5795
11,2,14,6795
11,2,15,9236
11,2,16,14628
11,2,17,20378
11,2,18,15590
11,2,19,7797
11,2,20,4792
11,2,21,3016
11,2,22,2728
11,2,23,1797
11,3,0,757
11,3,1,232
11,3,2,22
11,3,3,0
11,3,4,30
11,3,5,2128
11,3,6,6528
11,3,7,13078
11,3,8,19221
11,3,9,13467
11,3,10,7536
11,3,11,5988
11,3,12,5836
11,3,13,6350
11,3,14,7216
11,3,15,9729
11,3,16,14570
11,3,17,19924
11,3,18,16149
11,3,19,8684
11,3,20,4875
11,3,21,3188
11,3,22,3062
11,3,23,2306
11,4,0,910
11,4,1,245
11,4,2,15
11,4,3,2
11,4,4,68
11,4,5,1879
11,4,6,5507
11,4,7,10505
11,4,8,13017
11,4,9,9164
11,4,10,6170
11,4,11,5782
11,4,12,5740
11,4,13,6652
11,4,14,7590
11,4,15,9209
11,4,16,12591
11,4,17,15307
11,4,18,12986
11,4,19,8217
11,4,20,4603
11,4,21,2760
11,4,22,3396
11,4,23,2766
11,5,0,1623
11,5,1,377
11,5,2,59
11,5,3,1
11,5,4,0
11,5,5,44
11,5,6,918
11,5,7,2434
11,5,8,3463
11,5,9,4478
11,5,10,4824
11,5,11,5472
11,5,12,6324
11,5,13,5777
11,5,14,5839
11,5,15,6112
11,5,16,6700
11,5,17,7061
11,5,18,6596
11,5,19,5156
11,5,20,3326
11,5,21,2644
11,5,22,2356
11,5,23,2835
11,6,0,2352
11,6,1,511
11,6,2,1
11,6,3,0
11,6,4,0
11,6,5,1
11,6,6,4
11,6,7,554
11,6,8,2683
11,6,9,3401
11,6,10,4444
11,6,11,4900
11,6,12,5211
11,6,13,4938
11,6,14,4745
11,6,15,5132
11,6,16,5542
11,6,17,5851
11,6,18,5201
11,6,19,3357
11,6,20,2350
11,6,21,1872
11,6,22,1654
11,6,23,1257
11,7,0,1028
11,7,1,149
11,7,2,26
11,7,3,0
11,7,4,33
11,7,5,1912
11,7,6,6092
11,7,7,13101
11,7,8,16295
11,7,9,10363
11,7,10,6257
11,7,11,4921
11,7,12,5274
11,7,13,5330
11,7,14,6128
11,7,15,8414
11,7,16,11587
11,7,17,16177
11,7,18,13489
11,7,19,6639
11,7,20,3361
11,7,21,2040
11,7,22,2434
11,7,23,1710
11,8,0,736
11,8,1,162
11,8,2,29
11,8,3,1
11,8,4,28
11,8,5,1724
11,8,6,6059
11,8,7,12300
11,8,8,18498
11,8,9,12110
11,8,10,6222
11,8,11,4667
11,8,12,4641
11,8,13,5013
11,8,14,6122
11,8,15,8481
11,8,16,13414
11,8,17,18555
11,8,18,13778
11,8,19,6194
11,8,20,3537
11,8,21,2330
11,8,22,2258
11,8,23,1425
11,9,0,764
11,9,1,186
11,9,2,16
11,9,3,4
11,9,4,41
11,9,5,2104
11,9,6,6976
11,9,7,14704
11,9,8,20529
11,9,9,12427
11,9,10,7796
11,9,11,5753
11,9,12,5724
11,9,13,5965
11,9,14,7037
11,9,15,9069
11,9,16,15271
11,9,17,20271
11,9,18,15235
11,9,19,7473
11,9,20,4456
11,9,21,2761
11,9,22,2673
11,9,23,1617
11,10,0,789
11,10,1,186
11,10,2,14
11,10,3,0
11,10,4,31
11,10,5,2047
11,10,6,6619
11,10,7,13761
11,10,8,19010
11,10,9,12854
11,10,10,8008
11,10,11,6397
11,10,12,5912
11,10,13,6494
11,10,14,7257
11,10,15,10058
11,10,16,15022
11,10,17,20131
11,10,18,14784
11,10,19,8543
11,10,20,4704
11,10,21,3041
11,10,22,3104
11,10,23,2152
11,11,0,1063
11,11,1,269
11,11,2,12
11,11,3,1
11,11,4,20
11,11,5,1502
11,11,6,4103
11,11,7,7135
11,11,8,8822
11,11,9,6090
11,11,10,6817
11,11,11,6212
11,11,12,6002
11,11,13,6202
11,11,14,6696
11,11,15,8907
11,11,16,10857
11,11,17,12776
11,11,18,10269
11,11,19,6598
11,11,20,4069
11,11,21,2872
11,11,22,3042
11,11,23,3012
11,12,0,1957
11,12,1,479
11,12,2,34
11,12,3,0
11,12,4,0
11,12,5,24
11,12,6,910
11,12,7,2458
11,12,8,3575
11,12,9,4456
11,12,10,5056
11,12,11,5819
11,12,12,5888
11,12,13,6149
11,12,14,6042
11,12,15,6352
11,12,16,7167
11,12,17,7828
11,12,18,7021
11,12,19,5484
11,12,20,3701
11,12,21,2755
11,12,22,2543
11,12,23,2810
11,13,0,1725
11,13,1,302
11,13,2,15
11,13,3,0
11,13,4,0
11,13,5,0
11,13,6,2
11,13,7,472
11,13,8,2760
11,13,9,3349
11,13,10,4315
11,13,11,4731
11,13,12,5082
11,13,13,5016
11,13,14,4864
11,13,15,5000
11,13,16,5334
11,13,17,5393
11,13,18,4961
11,13,19,3252
11,13,20,2317
11,13,21,2117
11,13,22,1900
11,13,23,1401
11,14,0,514
11,14,1,108
11,14,2,21
11,14,3,3
11,14,4,47
11,14,5,1713
11,14,6,6139
11,14,7,12211
11,14,8,16673
11,14,9,9965
11,14,10,6091
11,14,11,5154
11,14,12,5398
11,14,13,5727
11,14,14,6042
11,14,15,9443
11,14,16,13302
11,14,17,15990
11,14,18,12039
11,14,19,4490
11,14,20,4473
11,14,21,2570
11,14,22,2546
11,14,23,1477
11,15,0,563
11,15,1,160
11,15,2,8
11,15,3,1
11,15,4,37
11,15,5,2162
11,15,6,6905
11,15,7,15094
11,15,8,20516
11,15,9,12851
11,15,10,7023
11,15,11,5472
11,15,12,5339
11,15,13,5689
11,15,14,6989
11,15,15,9325
11,15,16,14919
11,15,17,21111
11,15,18,15429
11,15,19,7417
11,15,20,4327
11,15,21,2677
11,15,22,2401
11,15,23,1945
11,16,0,1233
11,16,1,215
11,16,2,22
11,16,3,3
11,16,4,32
11,16,5,1948
11,16,6,6993
11,16,7,13805
11,16,8,20105
11,16,9,13283
11,16,10,7297
11,16,11,5607
11,16,12,6096
11,16,13,6132
11,16,14,7132
11,16,15,9795
11,16,16,14821
11,16,17,20728
11,16,18,14618
11,16,19,7985
11,16,20,4522
11,16,21,2820
11,16,22,2798
11,16,23,1905
11,17,0,886
11,17,1,161
11,17,2,16
11,17,3,2
11,17,4,27
11,17,5,2221
11,17,6,6437
11,17,7,13826
11,17,8,19215
11,17,9,12814
11,17,10,6999
11,17,11,5776
11,17,12,5648
11,17,13,6332
11,17,14,7360
11,17,15,9681
11,17,16,15131
11,17,17,20033
11,17,18,14980
11,17,19,8255
11,17,20,4492
11,17,21,3080
11,17,22,2977
11,17,23,2868
11,18,0,920
11,18,1,168
11,18,2,14
11,18,3,3
11,18,4,24
11,18,5,1910
11,18,6,5425
11,18,7,10560
11,18,8,12392
11,18,9,9004
11,18,10,6591
11,18,11,5375
11,18,12,5803
11,18,13,5785
11,18,14,7939
11,18,15,9498
11,18,16,12783
11,18,17,15749
11,18,18,12694
11,18,19,7025
11,18,20,4293
11,18,21,3078
11,18,22,3493
11,18,23,3284
11,19,0,1417
11,19,1,329
11,19,2,15
11,19,3,0
11,19,4,4
11,19,5,25
11,19,6,1120
11,19,7,2498
11,19,8,3606
11,19,9,4486
11,19,10,5079
11,19,11,6802
11,19,12,7477
11,19,13,7511
11,19,14,6292
11,19,15,6622
11,19,16,7321
11,19,17,7937
11,19,18,7194
11,19,19,6400
11,19,20,4368
11,19,21,3291
11,19,22,2947
11,19,23,2627
11,20,0,1585
11,20,1,296
11,20,2,5
11,20,3,0
11,20,4,0
11,20,5,9
11,20,6,3
11,20,7,346
11,20,8,2241
11,20,9,3331
11,20,10,4184
11,20,11,4688
11,20,12,5204
11,20,13,4696
11,20,14,4850
11,20,15,4738
11,20,16,5400
11,20,17,5690
11,20,18,4687
11,20,19,3830
11,20,20,2587
11,20,21,2120
11,20,22,1647
11,20,23,1577
11,21,0,774
11,21,1,127
11,21,2,15
11,21,3,1
11,21,4,31
11,21,5,1853
11,21,6,5503
11,21,7,10776
11,21,8,12602
11,21,9,8555
11,21,10,5989
11,21,11,5171
11,21,12,5410
11,21,13,5456
11,21,14,6397
11,21,15,7469
11,21,16,11735
11,21,17,15439
11,21,18,10902
11,21,19,5580
11,21,20,3332
11,21,21,2301
11,21,22,1941
11,21,23,1630
11,22,0,632
11,22,1,163
11,22,2,11
11,22,3,0
11,22,4,27
11,22,5,1992
11,22,6,5872
11,22,7,11011
11,22,8,14405
11,22,9,9069
11,22,10,6404
11,22,11,5898
11,22,12,5745
11,22,13,5783
11,22,14,6890
11,22,15,9237
11,22,16,12343
11,22,17,16671
11,22,18,11892
11,22,19,6126
11,22,20,3774
11,22,21,2230
11,22,22,2312
11,22,23,1745
11,23,0,788
11,23,1,146
11,23,2,20
11,23,3,3
11,23,4,25
11,23,5,1886
11,23,6,4855
11,23,7,8379
11,23,8,9779
11,23,9,6913
11,23,10,5779
11,23,11,5638
11,23,12,6353
11,23,13,6421
11,23,14,7563
11,23,15,9207
11,23,16,11212
11,23,17,11858
11,23,18,8237
11,23,19,5037
11,23,20,3266
11,23,21,2067
11,23,22,2641
11,23,23,1861
11,24,0,717
11,24,1,164
11,24,2,23
11,24,3,0
11,24,4,0
11,24,5,0
11,24,6,7
11,24,7,280
11,24,8,1912
11,24,9,2235
11,24,10,2517
11,24,11,2897
11,24,12,3250
11,24,13,3474
11,24,14,3784
11,24,15,3529
11,24,16,3148
11,24,17,2989
11,24,18,2096
11,24,19,1630
11,24,20,1496
11,24,21,1377
11,24,22,1289
11,24,23,835
11,25,0,346
11,25,1,100
11,25,2,2
11,25,3,1
11,25,4,67
11,25,5,728
11,25,6,1741
11,25,7,2844
11,25,8,3651
11,25,9,3904
11,25,10,4938
11,25,11,6039
11,25,12,6094
11,25,13,5478
11,25,14,5791
11,25,15,6724
11,25,16,7018
11,25,17,7589
11,25,18,6351
11,25,19,4757
11,25,20,3402
11,25,21,2384
11,25,22,2770
11,25,23,2189
11,26,0,956
11,26,1,184
11,26,2,6
11,26,3,1
11,26,4,0
11,26,5,39
11,26,6,842
11,26,7,1579
11,26,8,3197
11,26,9,3785
11,26,10,4869
11,26,11,5504
11,26,12,5341
11,26,13,5507
11,26,14,5575
11,26,15,5598
11,26,16,6234
11,26,17,6451
11,26,18,5659
11,26,19,4230
11,26,20,2929
11,26,21,2606
11,26,22,2348
11,26,23,1627
11,27,0,933
11,27,1,217
11,27,2,9
11,27,3,0
11,27,4,0
11,27,5,2
11,27,6,3
11,27,7,359
11,27,8,2506
11,27,9,3146
11,27,10,4087
11,27,11,4738
11,27,12,4562
11,27,13,3600
11,27,14,4476
11,27,15,4704
11,27,16,4993
11,27,17,5027
11,27,18,4505
11,27,19,2998
11,27,20,2134
11,27,21,1770
11,27,22,1505
11,27,23,1254
11,28,0,520
11,28,1,108
11,28,2,3
11,28,3,1
11,28,4,34
11,28,5,1888
11,28,6,5641
11,28,7,11608
11,28,8,14596
11,28,9,9403
11,28,10,5907
11,28,11,4739
11,28,12,5531
11,28,13,5401
11,28,14,6005
11,28,15,8441
11,28,16,12264
11,28,17,15454
11,28,18,11018
11,28,19,5259
11,28,20,3174
11,28,21,2237
11,28,22,1919
11,28,23,1200
11,29,0,525
11,29,1,187
11,29,2,7
11,29,3,0
11,29,4,49
11,29,5,2071
11,29,6,6104
11,29,7,13422
11,29,8,19250
11,29,9,12067
11,29,10,6750
11,29,11,5170
11,29,12,5145
11,29,13,5488
11,29,14,6511
11,29,15,9188
11,29,16,14180
11,29,17,18589
11,29,18,14757
11,29,19,7115
11,29,20,4141
11,29,21,2706
11,29,22,2175
11,29,23,2149
11,30,0,883
11,30,1,172
11,30,2,20
11,30,3,0
11,30,4,34
11,30,5,2113
11,30,6,6597
11,30,7,13265
11,30,8,18443
11,30,9,11790
11,30,10,7163
11,30,11,5548
11,30,12,5890
11,30,13,5808
11,30,14,6950
11,30,15,9176
11,30,16,14462
11,30,17,19463
11,30,18,13912
11,30,19,6912
11,30,20,3933
11,30,21,2513
11,30,22,2555
11,30,23,1848
12,1,0,812
12,1,1,247
12,1,2,20
12,1,3,2
12,1,4,17
12,1,5,1747
12,1,6,5599
12,1,7,10503
12,1,8,15728
12,1,9,10626
12,1,10,5818
12,1,11,4311
12,1,12,4610
12,1,13,4726
12,1,14,5561
12,1,15,7443
12,1,16,12063
12,1,17,17229
12,1,18,13673
12,1,19,6885
12,1,20,3902
12,1,21,2709
12,1,22,2983
12,1,23,1936
12,2,0,1046
12,2,1,213
12,2,2,24
12,2,3,1
12,2,4,24
12,2,5,1775
12,2,6,5434
12,2,7,10073
12,2,8,12448
12,2,9,8557
12,2,10,6529
12,2,11,5529
12,2,12,5412
12,2,13,5946
12,2,14,7335
12,2,15,8847
12,2,16,12338
12,2,17,14455
12,2,18,13299
12,2,19,7560
12,2,20,3940
12,2,21,3043
12,2,22,3311
12,2,23,3980
12,3,0,1456
12,3,1,407
12,3,2,23
12,3,3,0
12,3,4,3
12,3,5,54
12,3,6,917
12,3,7,2241
12,3,8,3020
12,3,9,3711
12,3,10,4423
12,3,11,4698
12,3,12,4760
12,3,13,5069
12,3,14,5272
12,3,15,5533
12,3,16,6093
12,3,17,6310
12,3,18,5839
12,3,19,4281
12,3,20,3058
12,3,21,2710
12,3,22,2578
12,3,23,2099
12,4,0,1490
12,4,1,358
12,4,2,60
12,4,3,0
12,4,4,0
12,4,5,2
12,4,6,8
12,4,7,360
12,4,8,2037
12,4,9,3301
12,4,10,3942
12,4,11,4946
12,4,12,4873
12,4,13,4839
12,4,14,4734
12,4,15,4818
12,4,16,5450
12,4,17,5660
12,4,18,4757
12,4,19,3417
12,4,20,2304
12,4,21,2002
12,4,22,1579
12,4,23,1033
12,5,0,507
12,5,1,121
12,5,2,0
12,5,3,6
12,5,4,26
12,5,5,1665
12,5,6,5652
12,5,7,11457
12,5,8,13143
12,5,9,10394
12,5,10,6327
12,5,11,5060
12,5,12,4634
12,5,13,5277
12,5,14,5979
12,5,15,7990
12,5,16,11972
12,5,17,16837
12,5,18,11644
12,5,19,5811
12,5,20,3212
12,5,21,2404
12,5,22,2444
12,5,23,1566
12,6,0,687
12,6,1,166
12,6,2,19
12,6,3,2
12,6,4,28
12,6,5,1819
12,6,6,6487
12,6,7,13378
12,6,8,19121
12,6,9,13526
12,6,10,7226
12,6,11,5658
12,6,12,5225
12,6,13,5568
12,6,14,6831
12,6,15,9418
12,6,16,14346
12,6,17,19957
12,6,18,14826
12,6,19,7299
12,6,20,4359
12,6,21,2713
12,6,22,2610
12,6,23,1738
12,7,0,855
12,7,1,165
12,7,2,8
12,7,3,2
12,7,4,31
12,7,5,2128
12,7,6,6403
12,7,7,14210
12,7,8,17708
12,7,9,13882
12,7,10,7311
12,7,11,5881
12,7,12,6101
12,7,13,5932
12,7,14,6981
12,7,15,9968
12,7,16,14387
12,7,17,20359
12,7,18,14377
12,7,19,7914
12,7,20,4658
12,7,21,3150
12,7,22,2960
12,7,23,1798
12,8,0,764
12,8,1,175
12,8,2,17
12,8,3,2
12,8,4,25
12,8,5,1874
12,8,6,6444
12,8,7,12669
12,8,8,18897
12,8,9,12682
12,8,10,7347
12,8,11,5806
12,8,12,5670
12,8,13,5816
12,8,14,6798
12,8,15,9552
12,8,16,13932
12,8,17,18376
12,8,18,14437
12,8,19,8081
12,8,20,4714
12,8,21,3079
12,8,22,3029
12,8,23,2511
12,9,0,1104
12,9,1,299
12,9,2,31
12,9,3,1
12,9,4,56
12,9,5,1528
12,9,6,5259
12,9,7,9483
12,9,8,12114
12,9,9,9301
12,9,10,7016
12,9,11,5756
12,9,12,5726
12,9,13,5965
12,9,14,7503
12,9,15,9406
12,9,16,12744
12,9,17,15129
12,9,18,11867
12,9,19,7394
12,9,20,4416
12,9,21,3087
12,9,22,3404
12,9,23,3066
12,10,0,1716
12,10,1,447
12,10,2,19
12,10,3,1
12,10,4,1
12,10,5,26
12,10,6,951
12,10,7,2023
12,10,8,2821
12,10,9,3093
12,10,10,4000
12,10,11,4328
12,10,12,4325
12,10,13,4607
12,10,14,4989
12,10,15,4907
12,10,16,6043
12,10,17,6511
12,10,18,5638
12,10,19,4217
12,10,20,3205
12,10,21,2810
12,10,22,2911
12,10,23,2582
12,11,0,1737
12,11,1,300
12,11,2,31
12,11,3,1
12,11,4,3
12,11,5,1
12,11,6,5
12,11,7,280
12,11,8,2011
12,11,9,2901
12,11,10,3757
12,11,11,4619
12,11,12,5172
12,11,13,4693
12,11,14,4561
12,11,15,4648
12,11,16,5035
12,11,17,4856
12,11,18,4543
12,11,19,3159
12,11,20,2012
12,11,21,1913
12,11,22,1638
12,11,23,1181
12,12,0,916
12,12,1,167
12,12,2,23
12,12,3,1
12,12,4,25
12,12,5,1609
12,12,6,5842
12,12,7,10966
12,12,8,14173
12,12,9,10162
12,12,10,5906
12,12,11,5169
12,12,12,4836
12,12,13,4872
12,12,14,6238
12,12,15,7822
12,12,16,12187
12,12,17,15612
12,12,18,11605
12,12,19,5831
12,12,20,3213
12,12,21,2254
12,12,22,1846
12,12,23,1183
12,13,0,635
12,13,1,149
12,13,2,21
12,13,3,2
12,13,4,35
12,13,5,1838
12,13,6,6514
12,13,7,12749
12,13,8,17175
12,13,9,13977
12,13,10,6962
12,13,11,5380
12,13,12,4975
12,13,13,5921
12,13,14,6882
12,13,15,8994
12,13,16,13784
12,13,17,19604
12,13,18,13807
12,13,19,7456
12,13,20,4185
12,13,21,2616
12,13,22,2752
12,13,23,1564
12,14,0,858
12,14,1,166
12,14,2,19
12,14,3,4
12,14,4,23
12,14,5,1689
12,14,6,5898
12,14,7,12877
12,14,8,17957
12,14,9,12072
12,14,10,7761
12,14,11,5864
12,14,12,5662
12,14,13,6014
12,14,14,7304
12,14,15,9566
12,14,16,14200
12,14,17,18544
12,14,18,13884
12,14,19,7620
12,14,20,4171
12,14,21,2926
12,14,22,3019
12,14,23,1748
12,15,0,669
12,15,1,231
12,15,2,17
12,15,3,1
12,15,4,18
12,15,5,1996
12,15,6,6137
12,15,7,12591
12,15,8,16780
12,15,9,12184
12,15,10,7795
12,15,11,6108
12,15,12,6018
12,15,13,6497
12,15,14,7334
12,15,15,9497
12,15,16,12481
12,15,17,19128
12,15,18,14825
12,15,19,7667
12,15,20,4999
12,15,21,3384
12,15,22,3369
12,15,23,2264
12,16,0,973
12,16,1,239
12,16,2,6
12,16,3,1
12,16,4,19
12,16,5,1609
12,16,6,5290
12,16,7,8359
12,16,8,11966
12,16,9,8926
12,16,10,5888
12,16,11,6074
12,16,12,5799
12,16,13,6382
12,16,14,7696
12,16,15,9024
12,16,16,12032
12,16,17,14971
12,16,18,11423
12,16,19,7010
12,16,20,4165
12,16,21,2877
12,16,22,2831
12,16,23,2751
12,17,0,1456
12,17,1,377
12,17,2,30
12,17,3,0
12,17,4,0
12,17,5,27
12,17,6,800
12,17,7,2327
12,17,8,3177
12,17,9,4007
12,17,10,4794
12,17,11,6124
12,17,12,6260
12,17,13,5987
12,17,14,6721
12,17,15,6542
12,17,16,7577
12,17,17,7970
12,17,18,6767
12,17,19,5474
12,17,20,3640
12,17,21,3155
12,17,22,3102
12,17,23,2184
12,18,0,1176
12,18,1,333
12,18,2,38
12,18,3,0
12,18,4,0
12,18,5,2
12,18,6,3
12,18,7,211
12,18,8,2306
12,18,9,2954
12,18,10,3667
12,18,11,4691
12,18,12,5335
12,18,13,5049
12,18,14,4920
12,18,15,5202
12,18,16,5558
12,18,17,5659
12,18,18,5018
12,18,19,3444
12,18,20,2623
12,18,21,1826
12,18,22,2162
12,18,23,1606
12,19,0,640
12,19,1,128
12,19,2,6
12,19,3,0
12,19,4,28
12,19,5,1544
12,19,6,5497
12,19,7,9575
12,19,8,11281
12,19,9,7794
12,19,10,5381
12,19,11,5216
12,19,12,4944
12,19,13,5393
12,19,14,5998
12,19,15,7804
12,19,16,10621
12,19,17,13333
12,19,18,10449
12,19,19,5060
12,19,20,3212
12,19,21,2068
12,19,22,1675
12,19,23,1136
12,20,0,613
12,20,1,141
12,20,2,15
12,20,3,0
12,20,4,33
12,20,5,1536
12,20,6,5275
12,20,7,10878
12,20,8,13608
12,20,9,9351
12,20,10,6318
12,20,11,5627
12,20,12,5281
12,20,13,5721
12,20,14,6710
12,20,15,8024
12,20,16,12531
12,20,17,16153
12,20,18,11994
12,20,19,5970
12,20,20,3714
12,20,21,2544
12,20,22,2577
12,20,23,1621
12,21,0,742
12,21,1,151
12,21,2,30
12,21,3,1
12,21,4,25
12,21,5,1710
12,21,6,5516
12,21,7,10249
12,21,8,11835
12,21,9,8474
12,21,10,6149
12,21,11,5939
12,21,12,6035
12,21,13,5931
12,21,14,6471
12,21,15,9019
12,21,16,11824
12,21,17,15142
12,21,18,10281
12,21,19,6837
12,21,20,3871
12,21,21,2543
12,21,22,2573
12,21,23,1659
12,22,0,729
12,22,1,197
12,22,2,46
12,22,3,1
12,22,4,22
12,22,5,1588
12,22,6,4820
12,22,7,8544
12,22,8,10001
12,22,9,7379
12,22,10,5448
12,22,11,5756
12,22,12,5729
12,22,13,5824
12,22,14,6744
12,22,15,8377
12,22,16,11273
12,22,17,12665
12,22,18,9845
12,22,19,5175
12,22,20,3730
12,22,21,2476
12,22,22,2592
12,22,23,1755
12,23,0,899
12,23,1,197
12,23,2,27
12,23,3,3
12,23,4,23
12,23,5,1106
12,23,6,3586
12,23,7,5348
12,23,8,6445
12,23,9,5288
12,23,10,5074
12,23,11,5945
12,23,12,6735
12,23,13,6572
12,23,14,7113
12,23,15,8056
12,23,16,9059
12,23,17,9314
12,23,18,7349
12,23,19,5201
12,23,20,3502
12,23,21,2513
12,23,22,2689
12,23,23,1888
12,24,0,875
12,24,1,260
12,24,2,20
12,24,3,0
12,24,4,0
12,24,5,49
12,24,6,818
12,24,7,1704
12,24,8,2413
12,24,9,3126
12,24,10,3946
12,24,11,4269
12,24,12,4501
12,24,13,4241
12,24,14,4216
12,24,15,4590
12,24,16,4992
12,24,17,4672
12,24,18,3927
12,24,19,2708
12,24,20,1716
12,24,21,1380
12,24,22,1156
12,24,23,867
12,25,0,469
12,25,1,91
12,25,2,14
12,25,3,0
12,25,4,0
12,25,5,1
12,25,6,4
12,25,7,173
12,25,8,1098
12,25,9,1446
12,25,10,1739
12,25,11,2016
12,25,12,2383
12,25,13,2413
12,25,14,2901
12,25,15,2691
12,25,16,2530
12,25,17,2169
12,25,18,1942
12,25,19,1594
12,25,20,1534
12,25,21,1449
12,25,22,1031
12,25,23,810
12,26,0,390
12,26,1,89
12,26,2,17
12,26,3,0
12,26,4,23
12,26,5,508
12,26,6,1392
12,26,7,1916
12,26,8,2466
12,26,9,3056
12,26,10,3654
12,26,11,4114
12,26,12,4351
12,26,13,4258
12,26,14,4703
12,26,15,4853
12,26,16,4755
12,26,17,5328
12,26,18,4301
12,26,19,3211
12,26,20,2067
12,26,21,1601
12,26,22,1330
12,26,23,1071
12,27,0,523
12,27,1,164
12,27,2,24
12,27,3,1
12,27,4,27
12,27,5,1072
12,27,6,3710
12,27,7,5815
12,27,8,6798
12,27,9,4483
12,27,10,3842
12,27,11,3663
12,27,12,3993
12,27,13,4311
12,27,14,4931
12,27,15,6041
12,27,16,7803
12,27,17,9775
12,27,18,7233
12,27,19,3936
12,27,20,2745
12,27,21,1883
12,27,22,2394
12,27,23,1590
12,28,0,817
12,28,1,228
12,28,2,17
12,28,3,4
12,28,4,24
12,28,5,1528
12,28,6,4420
12,28,7,6969
12,28,8,7879
12,28,9,5707
12,28,10,5333
12,28,11,5933
12,28,12,6322
12,28,13,5793
12,28,14,6328
12,28,15,8029
12,28,16,10451
12,28,17,11421
12,28,18,7614
12,28,19,5141
12,28,20,3704
12,28,21,2404
12,28,22,2471
12,28,23,2048
12,29,0,861
12,29,1,208
12,29,2,23
12,29,3,0
12,29,4,29
12,29,5,1091
12,29,6,4236
12,29,7,6246
12,29,8,6686
12,29,9,5427
12,29,10,4201
12,29,11,3055
12,29,12,4696
12,29,13,5111
12,29,14,5438
12,29,15,6032
12,29,16,8179
12,29,17,9983
12,29,18,7300
12,29,19,4323
12,29,20,2699
12,29,21,1960
12,29,22,2153
12,29,23,1743
12,30,0,885
12,30,1,183
12,30,2,23
12,30,3,0
12,30,4,18
12,30,5,989
12,30,6,3204
12,30,7,4551
12,30,8,5278
12,30,9,4813
12,30,10,4161
12,30,11,4502
12,30,12,5044
12,30,13,5324
12,30,14,5747
12,30,15,6505
12,30,16,7340
12,30,17,8429
12,30,18,6186
12,30,19,3561
12,30,20,2797
12,30,21,2428
12,30,22,2249
12,30,23,2194
12,31,0,865
12,31,1,238
12,31,2,35
12,31,3,0
12,31,4,1
12,31,5,30
12,31,6,607
12,31,7,1384
12,31,8,1915
12,31,9,2509
12,31,10,2280
12,31,11,2885
12,31,12,2833
12,31,13,2915
12,31,14,3328
12,31,15,3679
12,31,16,4105
12,31,17,4357
12,31,18,3949
12,31,19,3400
12,31,20,2733
12,31,21,2603
12,31,22,2423
12,31,23,2506
